Workbook

Sheet Parametros
A1: Parametro | B1: Valor | C1: Nota
A2: intercept | B2: -0.2 | C2: Bias do sigmoid (z = intercept + aw*appeals - bw*barriers)
A3: barrier_weight | B3: 1.1 | C3: Peso multiplicador das barreiras no sigmoid
A4: appeal_weight | B4: 1.4 | C4: Peso multiplicador dos apelos no sigmoid
A6: trust_gate_active | B6: 1 | C6: 1=ativo para ['financial', 'identity', 'security']
A7: risk_gate_active | B7: 1 | C7: 1=ativo para ['financial', 'identity']
A8: value_gate_active | B8: 1 | C8: 1=ativo para ['aesthetic', 'flow']
A10: experiment_id | B10: exp_375a3cc3
A11: experiment_name | B11: delivery com entrega - nova form1
A12: hypothesis | B12: A hipótese “App de delivery com entrega agendada” assume que permitir ao usuário escolher antecipadamente o dia e o horário da entrega aumenta a sensação de controle e conveniência. Ao reduzir incertezas e conflitos de agenda, a entrega agendada melhora a experiência do cliente, estimula pedidos recorrentes e também facilita o planejamento operacional de restaurantes e entregadores.
A13: feature_types | B13: flow, financial, social

Sheet Mecanismos
A1: mecanismo | B1: valor
A2: irreversibility | B2: 0.5
A3: network_effect | B3: 0.5
A4: institutional_trust | B4: 0.25
A5: habit_displacement | B5: 0.5
A6: learning_curve | B6: 0.5
A7: social_visibility | B7: 0.5
A8: intrinsic_value | B8: 0.5
A9: operational_friction | B9: 0
A10: frequency_of_use | B10: 0.5

Sheet Simulacao
A1: synth_id | B1: nome | C1: risk_aversion | D1: social_dependency | E1: institutional_trust_level | F1: habit_plasticity | G1: friction_tolerance | H1: pragmatism | I1: digital_capability | J1: motor_ability | K1: subject_domain | L1: perceived_risk | M1: social_pressure | N1: trust_barrier | O1: habit_resistance | P1: learning_frustration | Q1: friction_burden | R1: motor_barrier | S1: intrinsic_appeal | T1: frequency_value | U1: domain_advantage | V1: network_bonus | W1: z_score | X1: P_base | Y1: trust_gate | Z1: risk_gate | AA1: value_gate | AB1: P(adopted)
A2: 4w0b2a | B2: Agatha Abreu | C2: 0.5005 | D2: 0.4953 | E2: 0.4069 | F2: 0.5954 | G2: 0.6342 | H2: 0.4178 | I2: 0.5272 | J2: 0.8946 | K2: 0.3151 | L2: =1-(1-Mecanismos!B2)*(1-C2) | M2: =Mecanismos!B7*D2 | N2: =Mecanismos!B4*(1-E2) | O2: =Mecanismos!B5*(1-F2) | P2: =Mecanismos!B6*(1-I2) | Q2: =Mecanismos!B9*(1-G2) | R2: =Mecanismos!B9*(1-J2) | S2: =Mecanismos!B8*H2 | T2: =Mecanismos!B10*H2 | U2: =Mecanismos!B8*K2 | V2: =Mecanismos!B3*D2 | W2: =Parametros!B2+Parametros!B4*(S2+T2+U2+V2)-Parametros!B3*(L2+M2+N2+O2+P2+Q2+R2) | X2: =1/(1+EXP(-W2)) | Y2: =IF(Parametros!B6=1,0.15+0.85*(1/(1+EXP(-8*((1-N2)-0.45)))),1) | Z2: =IF(Parametros!B7=1,MAX(0.05,1-L2^1.6),1) | AA2: =IF(Parametros!B8=1,0.2+0.8*(1/(1+EXP(-9*(S2-0.25)))),1) | AB2: =X2*Y2*Z2*AA2
A3: ycuw8b | B3: Agatha Guerra | C3: 0.672 | D3: 0.3535 | E3: 0.6503 | F3: 0.4687 | G3: 0.1713 | H3: 0.391 | I3: 0.293 | J3: 0.7038 | K3: 0.417 | L3: =1-(1-Mecanismos!B2)*(1-C3) | M3: =Mecanismos!B7*D3 | N3: =Mecanismos!B4*(1-E3) | O3: =Mecanismos!B5*(1-F3) | P3: =Mecanismos!B6*(1-I3) | Q3: =Mecanismos!B9*(1-G3) | R3: =Mecanismos!B9*(1-J3) | S3: =Mecanismos!B8*H3 | T3: =Mecanismos!B10*H3 | U3: =Mecanismos!B8*K3 | V3: =Mecanismos!B3*D3 | W3: =Parametros!B2+Parametros!B4*(S3+T3+U3+V3)-Parametros!B3*(L3+M3+N3+O3+P3+Q3+R3) | X3: =1/(1+EXP(-W3)) | Y3: =IF(Parametros!B6=1,0.15+0.85*(1/(1+EXP(-8*((1-N3)-0.45)))),1) | Z3: =IF(Parametros!B7=1,MAX(0.05,1-L3^1.6),1) | AA3: =IF(Parametros!B8=1,0.2+0.8*(1/(1+EXP(-9*(S3-0.25)))),1) | AB3: =X3*Y3*Z3*AA3
A4: mja8fy | B4: Agatha da Luz | C4: 0.667 | D4: 0.5021 | E4: 0.4128 | F4: 0.3794 | G4: 0.7026 | H4: 0.5784 | I4: 0.6464 | J4: 0.8411 | K4: 0.3977 | L4: =1-(1-Mecanismos!B2)*(1-C4) | M4: =Mecanismos!B7*D4 | N4: =Mecanismos!B4*(1-E4) | O4: =Mecanismos!B5*(1-F4) | P4: =Mecanismos!B6*(1-I4) | Q4: =Mecanismos!B9*(1-G4) | R4: =Mecanismos!B9*(1-J4) | S4: =Mecanismos!B8*H4 | T4: =Mecanismos!B10*H4 | U4: =Mecanismos!B8*K4 | V4: =Mecanismos!B3*D4 | W4: =Parametros!B2+Parametros!B4*(S4+T4+U4+V4)-Parametros!B3*(L4+M4+N4+O4+P4+Q4+R4) | X4: =1/(1+EXP(-W4)) | Y4: =IF(Parametros!B6=1,0.15+0.85*(1/(1+EXP(-8*((1-N4)-0.45)))),1) | Z4: =IF(Parametros!B7=1,MAX(0.05,1-L4^1.6),1) | AA4: =IF(Parametros!B8=1,0.2+0.8*(1/(1+EXP(-9*(S4-0.25)))),1) | AB4: =X4*Y4*Z4*AA4
A5: 2vwwqi | B5: Alana Melo | C5: 0.3713 | D5: 0.5632 | E5: 0.3653 | F5: 0.6151 | G5: 0.5162 | H5: 0.6516 | I5: 0.6868 | J5: 0.849 | K5: 0.5913 | L5: =1-(1-Mecanismos!B2)*(1-C5) | M5: =Mecanismos!B7*D5 | N5: =Mecanismos!B4*(1-E5) | O5: =Mecanismos!B5*(1-F5) | P5: =Mecanismos!B6*(1-I5) | Q5: =Mecanismos!B9*(1-G5) | R5: =Mecanismos!B9*(1-J5) | S5: =Mecanismos!B8*H5 | T5: =Mecanismos!B10*H5 | U5: =Mecanismos!B8*K5 | V5: =Mecanismos!B3*D5 | W5: =Parametros!B2+Parametros!B4*(S5+T5+U5+V5)-Parametros!B3*(L5+M5+N5+O5+P5+Q5+R5) | X5: =1/(1+EXP(-W5)) | Y5: =IF(Parametros!B6=1,0.15+0.85*(1/(1+EXP(-8*((1-N5)-0.45)))),1) | Z5: =IF(Parametros!B7=1,MAX(0.05,1-L5^1.6),1) | AA5: =IF(Parametros!B8=1,0.2+0.8*(1/(1+EXP(-9*(S5-0.25)))),1) | AB5: =X5*Y5*Z5*AA5
A6: hiefbg | B6: Alana Mendes | C6: 0.7579 | D6: 0.364 | E6: 0.494 | F6: 0.654 | G6: 0.5418 | H6: 0.5337 | I6: 0.4388 | J6: 0.7873 | K6: 0.5696 | L6: =1-(1-Mecanismos!B2)*(1-C6) | M6: =Mecanismos!B7*D6 | N6: =Mecanismos!B4*(1-E6) | O6: =Mecanismos!B5*(1-F6) | P6: =Mecanismos!B6*(1-I6) | Q6: =Mecanismos!B9*(1-G6) | R6: =Mecanismos!B9*(1-J6) | S6: =Mecanismos!B8*H6 | T6: =Mecanismos!B10*H6 | U6: =Mecanismos!B8*K6 | V6: =Mecanismos!B3*D6 | W6: =Parametros!B2+Parametros!B4*(S6+T6+U6+V6)-Parametros!B3*(L6+M6+N6+O6+P6+Q6+R6) | X6: =1/(1+EXP(-W6)) | Y6: =IF(Parametros!B6=1,0.15+0.85*(1/(1+EXP(-8*((1-N6)-0.45)))),1) | Z6: =IF(Parametros!B7=1,MAX(0.05,1-L6^1.6),1) | AA6: =IF(Parametros!B8=1,0.2+0.8*(1/(1+EXP(-9*(S6-0.25)))),1) | AB6: =X6*Y6*Z6*AA6
A7: kjbp9x | B7: Alana Sampaio | C7: 0.6633 | D7: 0.6004 | E7: 0.8205 | F7: 0.7936 | G7: 0.4981 | H7: 0.4378 | I7: 0.8625 | J7: 0.9478 | K7: 0.811 | L7: =1-(1-Mecanismos!B2)*(1-C7) | M7: =Mecanismos!B7*D7 | N7: =Mecanismos!B4*(1-E7) | O7: =Mecanismos!B5*(1-F7) | P7: =Mecanismos!B6*(1-I7) | Q7: =Mecanismos!B9*(1-G7) | R7: =Mecanismos!B9*(1-J7) | S7: =Mecanismos!B8*H7 | T7: =Mecanismos!B10*H7 | U7: =Mecanismos!B8*K7 | V7: =Mecanismos!B3*D7 | W7: =Parametros!B2+Parametros!B4*(S7+T7+U7+V7)-Parametros!B3*(L7+M7+N7+O7+P7+Q7+R7) | X7: =1/(1+EXP(-W7)) | Y7: =IF(Parametros!B6=1,0.15+0.85*(1/(1+EXP(-8*((1-N7)-0.45)))),1) | Z7: =IF(Parametros!B7=1,MAX(0.05,1-L7^1.6),1) | AA7: =IF(Parametros!B8=1,0.2+0.8*(1/(1+EXP(-9*(S7-0.25)))),1) | AB7: =X7*Y7*Z7*AA7
A8: 1n4il4 | B8: Alexandre Teixeira | C8: 0.3554 | D8: 0.3904 | E8: 0.36 | F8: 0.5608 | G8: 0.5613 | H8: 0.7287 | I8: 0.4539 | J8: 0.8381 | K8: 0.5836 | L8: =1-(1-Mecanismos!B2)*(1-C8) | M8: =Mecanismos!B7*D8 | N8: =Mecanismos!B4*(1-E8) | O8: =Mecanismos!B5*(1-F8) | P8: =Mecanismos!B6*(1-I8) | Q8: =Mecanismos!B9*(1-G8) | R8: =Mecanismos!B9*(1-J8) | S8: =Mecanismos!B8*H8 | T8: =Mecanismos!B10*H8 | U8: =Mecanismos!B8*K8 | V8: =Mecanismos!B3*D8 | W8: =Parametros!B2+Parametros!B4*(S8+T8+U8+V8)-Parametros!B3*(L8+M8+N8+O8+P8+Q8+R8) | X8: =1/(1+EXP(-W8)) | Y8: =IF(Parametros!B6=1,0.15+0.85*(1/(1+EXP(-8*((1-N8)-0.45)))),1) | Z8: =IF(Parametros!B7=1,MAX(0.05,1-L8^1.6),1) | AA8: =IF(Parametros!B8=1,0.2+0.8*(1/(1+EXP(-9*(S8-0.25)))),1) | AB8: =X8*Y8*Z8*AA8
A9: e0yieb | B9: Alexia Andrade | C9: 0.6242 | D9: 0.6683 | E9: 0.745 | F9: 0.4704 | G9: 0.4094 | H9: 0.6267 | I9: 0.5469 | J9: 0.7495 | K9: 0.2266 | L9: =1-(1-Mecanismos!B2)*(1-C9) | M9: =Mecanismos!B7*D9 | N9: =Mecanismos!B4*(1-E9) | O9: =Mecanismos!B5*(1-F9) | P9: =Mecanismos!B6*(1-I9) | Q9: =Mecanismos!B9*(1-G9) | R9: =Mecanismos!B9*(1-J9) | S9: =Mecanismos!B8*H9 | T9: =Mecanismos!B10*H9 | U9: =Mecanismos!B8*K9 | V9: =Mecanismos!B3*D9 | W9: =Parametros!B2+Parametros!B4*(S9+T9+U9+V9)-Parametros!B3*(L9+M9+N9+O9+P9+Q9+R9) | X9: =1/(1+EXP(-W9)) | Y9: =IF(Parametros!B6=1,0.15+0.85*(1/(1+EXP(-8*((1-N9)-0.45)))),1) | Z9: =IF(Parametros!B7=1,MAX(0.05,1-L9^1.6),1) | AA9: =IF(Parametros!B8=1,0.2+0.8*(1/(1+EXP(-9*(S9-0.25)))),1) | AB9: =X9*Y9*Z9*AA9
A10: 4sq5jx | B10: Alexia Leão | C10: 0.8264 | D10: 0.1673 | E10: 0.7268 | F10: 0.6361 | G10: 0.4829 | H10: 0.615 | I10: 0.2892 | J10: 0.5758 | K10: 0.5314 | L10: =1-(1-Mecanismos!B2)*(1-C10) | M10: =Mecanismos!B7*D10 | N10: =Mecanismos!B4*(1-E10) | O10: =Mecanismos!B5*(1-F10) | P10: =Mecanismos!B6*(1-I10) | Q10: =Mecanismos!B9*(1-G10) | R10: =Mecanismos!B9*(1-J10) | S10: =Mecanismos!B8*H10 | T10: =Mecanismos!B10*H10 | U10: =Mecanismos!B8*K10 | V10: =Mecanismos!B3*D10 | W10: =Parametros!B2+Parametros!B4*(S10+T10+U10+V10)-Parametros!B3*(L10+M10+N10+O10+P10+Q10+R10) | X10: =1/(1+EXP(-W10)) | Y10: =IF(Parametros!B6=1,0.15+0.85*(1/(1+EXP(-8*((1-N10)-0.45)))),1) | Z10: =IF(Parametros!B7=1,MAX(0.05,1-L10^1.6),1) | AA10: =IF(Parametros!B8=1,0.2+0.8*(1/(1+EXP(-9*(S10-0.25)))),1) | AB10: =X10*Y10*Z10*AA10
A11: jmrdzk | B11: Alice Viana | C11: 0.6551 | D11: 0.494 | E11: 0.5437 | F11: 0.5328 | G11: 0.4685 | H11: 0.4087 | I11: 0.4094 | J11: 0.4493 | K11: 0.5552 | L11: =1-(1-Mecanismos!B2)*(1-C11) | M11: =Mecanismos!B7*D11 | N11: =Mecanismos!B4*(1-E11) | O11: =Mecanismos!B5*(1-F11) | P11: =Mecanismos!B6*(1-I11) | Q11: =Mecanismos!B9*(1-G11) | R11: =Mecanismos!B9*(1-J11) | S11: =Mecanismos!B8*H11 | T11: =Mecanismos!B10*H11 | U11: =Mecanismos!B8*K11 | V11: =Mecanismos!B3*D11 | W11: =Parametros!B2+Parametros!B4*(S11+T11+U11+V11)-Parametros!B3*(L11+M11+N11+O11+P11+Q11+R11) | X11: =1/(1+EXP(-W11)) | Y11: =IF(Parametros!B6=1,0.15+0.85*(1/(1+EXP(-8*((1-N11)-0.45)))),1) | Z11: =IF(Parametros!B7=1,MAX(0.05,1-L11^1.6),1) | AA11: =IF(Parametros!B8=1,0.2+0.8*(1/(1+EXP(-9*(S11-0.25)))),1) | AB11: =X11*Y11*Z11*AA11
A12: 7f8fws | B12: Alice da Mata | C12: 0.5141 | D12: 0.6296 | E12: 0.4268 | F12: 0.3476 | G12: 0.374 | H12: 0.6985 | I12: 0.4863 | J12: 0.5631 | K12: 0.6764 | L12: =1-(1-Mecanismos!B2)*(1-C12) | M12: =Mecanismos!B7*D12 | N12: =Mecanismos!B4*(1-E12) | O12: =Mecanismos!B5*(1-F12) | P12: =Mecanismos!B6*(1-I12) | Q12: =Mecanismos!B9*(1-G12) | R12: =Mecanismos!B9*(1-J12) | S12: =Mecanismos!B8*H12 | T12: =Mecanismos!B10*H12 | U12: =Mecanismos!B8*K12 | V12: =Mecanismos!B3*D12 | W12: =Parametros!B2+Parametros!B4*(S12+T12+U12+V12)-Parametros!B3*(L12+M12+N12+O12+P12+Q12+R12) | X12: =1/(1+EXP(-W12)) | Y12: =IF(Parametros!B6=1,0.15+0.85*(1/(1+EXP(-8*((1-N12)-0.45)))),1) | Z12: =IF(Parametros!B7=1,MAX(0.05,1-L12^1.6),1) | AA12: =IF(Parametros!B8=1,0.2+0.8*(1/(1+EXP(-9*(S12-0.25)))),1) | AB12: =X12*Y12*Z12*AA12
A13: rowjhd | B13: Amanda Borges | C13: 0.4831 | D13: 0.7473 | E13: 0.7506 | F13: 0.5026 | G13: 0.4954 | H13: 0.1903 | I13: 0.3792 | J13: 0.8039 | K13: 0.6823 | L13: =1-(1-Mecanismos!B2)*(1-C13) | M13: =Mecanismos!B7*D13 | N13: =Mecanismos!B4*(1-E13) | O13: =Mecanismos!B5*(1-F13) | P13: =Mecanismos!B6*(1-I13) | Q13: =Mecanismos!B9*(1-G13) | R13: =Mecanismos!B9*(1-J13) | S13: =Mecanismos!B8*H13 | T13: =Mecanismos!B10*H13 | U13: =Mecanismos!B8*K13 | V13: =Mecanismos!B3*D13 | W13: =Parametros!B2+Parametros!B4*(S13+T13+U13+V13)-Parametros!B3*(L13+M13+N13+O13+P13+Q13+R13) | X13: =1/(1+EXP(-W13)) | Y13: =IF(Parametros!B6=1,0.15+0.85*(1/(1+EXP(-8*((1-N13)-0.45)))),1) | Z13: =IF(Parametros!B7=1,MAX(0.05,1-L13^1.6),1) | AA13: =IF(Parametros!B8=1,0.2+0.8*(1/(1+EXP(-9*(S13-0.25)))),1) | AB13: =X13*Y13*Z13*AA13
A14: 1y2uu5 | B14: Amanda Macedo | C14: 0.5779 | D14: 0.639 | E14: 0.4479 | F14: 0.487 | G14: 0.5453 | H14: 0.8054 | I14: 0.2896 | J14: 0.7511 | K14: 0.3963 | L14: =1-(1-Mecanismos!B2)*(1-C14) | M14: =Mecanismos!B7*D14 | N14: =Mecanismos!B4*(1-E14) | O14: =Mecanismos!B5*(1-F14) | P14: =Mecanismos!B6*(1-I14) | Q14: =Mecanismos!B9*(1-G14) | R14: =Mecanismos!B9*(1-J14) | S14: =Mecanismos!B8*H14 | T14: =Mecanismos!B10*H14 | U14: =Mecanismos!B8*K14 | V14: =Mecanismos!B3*D14 | W14: =Parametros!B2+Parametros!B4*(S14+T14+U14+V14)-Parametros!B3*(L14+M14+N14+O14+P14+Q14+R14) | X14: =1/(1+EXP(-W14)) | Y14: =IF(Parametros!B6=1,0.15+0.85*(1/(1+EXP(-8*((1-N14)-0.45)))),1) | Z14: =IF(Parametros!B7=1,MAX(0.05,1-L14^1.6),1) | AA14: =IF(Parametros!B8=1,0.2+0.8*(1/(1+EXP(-9*(S14-0.25)))),1) | AB14: =X14*Y14*Z14*AA14
A15: yvzwll | B15: Amanda Peixoto | C15: 0.4727 | D15: 0.7343 | E15: 0.3431 | F15: 0.5958 | G15: 0.5342 | H15: 0.3446 | I15: 0.4876 | J15: 0.8244 | K15: 0.4287 | L15: =1-(1-Mecanismos!B2)*(1-C15) | M15: =Mecanismos!B7*D15 | N15: =Mecanismos!B4*(1-E15) | O15: =Mecanismos!B5*(1-F15) | P15: =Mecanismos!B6*(1-I15) | Q15: =Mecanismos!B9*(1-G15) | R15: =Mecanismos!B9*(1-J15) | S15: =Mecanismos!B8*H15 | T15: =Mecanismos!B10*H15 | U15: =Mecanismos!B8*K15 | V15: =Mecanismos!B3*D15 | W15: =Parametros!B2+Parametros!B4*(S15+T15+U15+V15)-Parametros!B3*(L15+M15+N15+O15+P15+Q15+R15) | X15: =1/(1+EXP(-W15)) | Y15: =IF(Parametros!B6=1,0.15+0.85*(1/(1+EXP(-8*((1-N15)-0.45)))),1) | Z15: =IF(Parametros!B7=1,MAX(0.05,1-L15^1.6),1) | AA15: =IF(Parametros!B8=1,0.2+0.8*(1/(1+EXP(-9*(S15-0.25)))),1) | AB15: =X15*Y15*Z15*AA15
A16: fpdnn9 | B16: Ana Barbosa | C16: 0.6177 | D16: 0.4707 | E16: 0.6524 | F16: 0.3185 | G16: 0.1936 | H16: 0.7026 | I16: 0.4452 | J16: 0.2627 | K16: 0.6608 | L16: =1-(1-Mecanismos!B2)*(1-C16) | M16: =Mecanismos!B7*D16 | N16: =Mecanismos!B4*(1-E16) | O16: =Mecanismos!B5*(1-F16) | P16: =Mecanismos!B6*(1-I16) | Q16: =Mecanismos!B9*(1-G16) | R16: =Mecanismos!B9*(1-J16) | S16: =Mecanismos!B8*H16 | T16: =Mecanismos!B10*H16 | U16: =Mecanismos!B8*K16 | V16: =Mecanismos!B3*D16 | W16: =Parametros!B2+Parametros!B4*(S16+T16+U16+V16)-Parametros!B3*(L16+M16+N16+O16+P16+Q16+R16) | X16: =1/(1+EXP(-W16)) | Y16: =IF(Parametros!B6=1,0.15+0.85*(1/(1+EXP(-8*((1-N16)-0.45)))),1) | Z16: =IF(Parametros!B7=1,MAX(0.05,1-L16^1.6),1) | AA16: =IF(Parametros!B8=1,0.2+0.8*(1/(1+EXP(-9*(S16-0.25)))),1) | AB16: =X16*Y16*Z16*AA16
A17: u054is | B17: Ana Clara Cassiano | C17: 0.482 | D17: 0.3428 | E17: 0.4249 | F17: 0.6884 | G17: 0.3907 | H17: 0.554 | I17: 0.377 | J17: 0.834 | K17: 0.2637 | L17: =1-(1-Mecanismos!B2)*(1-C17) | M17: =Mecanismos!B7*D17 | N17: =Mecanismos!B4*(1-E17) | O17: =Mecanismos!B5*(1-F17) | P17: =Mecanismos!B6*(1-I17) | Q17: =Mecanismos!B9*(1-G17) | R17: =Mecanismos!B9*(1-J17) | S17: =Mecanismos!B8*H17 | T17: =Mecanismos!B10*H17 | U17: =Mecanismos!B8*K17 | V17: =Mecanismos!B3*D17 | W17: =Parametros!B2+Parametros!B4*(S17+T17+U17+V17)-Parametros!B3*(L17+M17+N17+O17+P17+Q17+R17) | X17: =1/(1+EXP(-W17)) | Y17: =IF(Parametros!B6=1,0.15+0.85*(1/(1+EXP(-8*((1-N17)-0.45)))),1) | Z17: =IF(Parametros!B7=1,MAX(0.05,1-L17^1.6),1) | AA17: =IF(Parametros!B8=1,0.2+0.8*(1/(1+EXP(-9*(S17-0.25)))),1) | AB17: =X17*Y17*Z17*AA17
A18: xgsu67 | B18: Ana Clara Rios | C18: 0.6802 | D18: 0.6899 | E18: 0.6476 | F18: 0.5962 | G18: 0.7459 | H18: 0.3991 | I18: 0.4314 | J18: 0.8275 | K18: 0.3217 | L18: =1-(1-Mecanismos!B2)*(1-C18) | M18: =Mecanismos!B7*D18 | N18: =Mecanismos!B4*(1-E18) | O18: =Mecanismos!B5*(1-F18) | P18: =Mecanismos!B6*(1-I18) | Q18: =Mecanismos!B9*(1-G18) | R18: =Mecanismos!B9*(1-J18) | S18: =Mecanismos!B8*H18 | T18: =Mecanismos!B10*H18 | U18: =Mecanismos!B8*K18 | V18: =Mecanismos!B3*D18 | W18: =Parametros!B2+Parametros!B4*(S18+T18+U18+V18)-Parametros!B3*(L18+M18+N18+O18+P18+Q18+R18) | X18: =1/(1+EXP(-W18)) | Y18: =IF(Parametros!B6=1,0.15+0.85*(1/(1+EXP(-8*((1-N18)-0.45)))),1) | Z18: =IF(Parametros!B7=1,MAX(0.05,1-L18^1.6),1) | AA18: =IF(Parametros!B8=1,0.2+0.8*(1/(1+EXP(-9*(S18-0.25)))),1) | AB18: =X18*Y18*Z18*AA18
A19: y8qk5p | B19: Ana Clara Sousa | C19: 0.7096 | D19: 0.5046 | E19: 0.4867 | F19: 0.4112 | G19: 0.4019 | H19: 0.5574 | I19: 0.4573 | J19: 0.6935 | K19: 0.6738 | L19: =1-(1-Mecanismos!B2)*(1-C19) | M19: =Mecanismos!B7*D19 | N19: =Mecanismos!B4*(1-E19) | O19: =Mecanismos!B5*(1-F19) | P19: =Mecanismos!B6*(1-I19) | Q19: =Mecanismos!B9*(1-G19) | R19: =Mecanismos!B9*(1-J19) | S19: =Mecanismos!B8*H19 | T19: =Mecanismos!B10*H19 | U19: =Mecanismos!B8*K19 | V19: =Mecanismos!B3*D19 | W19: =Parametros!B2+Parametros!B4*(S19+T19+U19+V19)-Parametros!B3*(L19+M19+N19+O19+P19+Q19+R19) | X19: =1/(1+EXP(-W19)) | Y19: =IF(Parametros!B6=1,0.15+0.85*(1/(1+EXP(-8*((1-N19)-0.45)))),1) | Z19: =IF(Parametros!B7=1,MAX(0.05,1-L19^1.6),1) | AA19: =IF(Parametros!B8=1,0.2+0.8*(1/(1+EXP(-9*(S19-0.25)))),1) | AB19: =X19*Y19*Z19*AA19
A20: fzr0b1 | B20: Ana Julia Fogaça | C20: 0.5371 | D20: 0.2871 | E20: 0.5211 | F20: 0.9073 | G20: 0.4671 | H20: 0.2976 | I20: 0.9482 | J20: 0.847 | K20: 0.7314 | L20: =1-(1-Mecanismos!B2)*(1-C20) | M20: =Mecanismos!B7*D20 | N20: =Mecanismos!B4*(1-E20) | O20: =Mecanismos!B5*(1-F20) | P20: =Mecanismos!B6*(1-I20) | Q20: =Mecanismos!B9*(1-G20) | R20: =Mecanismos!B9*(1-J20) | S20: =Mecanismos!B8*H20 | T20: =Mecanismos!B10*H20 | U20: =Mecanismos!B8*K20 | V20: =Mecanismos!B3*D20 | W20: =Parametros!B2+Parametros!B4*(S20+T20+U20+V20)-Parametros!B3*(L20+M20+N20+O20+P20+Q20+R20) | X20: =1/(1+EXP(-W20)) | Y20: =IF(Parametros!B6=1,0.15+0.85*(1/(1+EXP(-8*((1-N20)-0.45)))),1) | Z20: =IF(Parametros!B7=1,MAX(0.05,1-L20^1.6),1) | AA20: =IF(Parametros!B8=1,0.2+0.8*(1/(1+EXP(-9*(S20-0.25)))),1) | AB20: =X20*Y20*Z20*AA20
A21: qzmdtd | B21: Ana Laura Teixeira | C21: 0.6281 | D21: 0.4908 | E21: 0.5673 | F21: 0.4507 | G21: 0.3665 | H21: 0.6074 | I21: 0.7429 | J21: 0.8382 | K21: 0.3408 | L21: =1-(1-Mecanismos!B2)*(1-C21) | M21: =Mecanismos!B7*D21 | N21: =Mecanismos!B4*(1-E21) | O21: =Mecanismos!B5*(1-F21) | P21: =Mecanismos!B6*(1-I21) | Q21: =Mecanismos!B9*(1-G21) | R21: =Mecanismos!B9*(1-J21) | S21: =Mecanismos!B8*H21 | T21: =Mecanismos!B10*H21 | U21: =Mecanismos!B8*K21 | V21: =Mecanismos!B3*D21 | W21: =Parametros!B2+Parametros!B4*(S21+T21+U21+V21)-Parametros!B3*(L21+M21+N21+O21+P21+Q21+R21) | X21: =1/(1+EXP(-W21)) | Y21: =IF(Parametros!B6=1,0.15+0.85*(1/(1+EXP(-8*((1-N21)-0.45)))),1) | Z21: =IF(Parametros!B7=1,MAX(0.05,1-L21^1.6),1) | AA21: =IF(Parametros!B8=1,0.2+0.8*(1/(1+EXP(-9*(S21-0.25)))),1) | AB21: =X21*Y21*Z21*AA21
A22: bnq4g8 | B22: Ana Laura Vasconcelos | C22: 0.5275 | D22: 0.2379 | E22: 0.2763 | F22: 0.543 | G22: 0.5091 | H22: 0.6506 | I22: 0.6223 | J22: 0.8881 | K22: 0.7897 | L22: =1-(1-Mecanismos!B2)*(1-C22) | M22: =Mecanismos!B7*D22 | N22: =Mecanismos!B4*(1-E22) | O22: =Mecanismos!B5*(1-F22) | P22: =Mecanismos!B6*(1-I22) | Q22: =Mecanismos!B9*(1-G22) | R22: =Mecanismos!B9*(1-J22) | S22: =Mecanismos!B8*H22 | T22: =Mecanismos!B10*H22 | U22: =Mecanismos!B8*K22 | V22: =Mecanismos!B3*D22 | W22: =Parametros!B2+Parametros!B4*(S22+T22+U22+V22)-Parametros!B3*(L22+M22+N22+O22+P22+Q22+R22) | X22: =1/(1+EXP(-W22)) | Y22: =IF(Parametros!B6=1,0.15+0.85*(1/(1+EXP(-8*((1-N22)-0.45)))),1) | Z22: =IF(Parametros!B7=1,MAX(0.05,1-L22^1.6),1) | AA22: =IF(Parametros!B8=1,0.2+0.8*(1/(1+EXP(-9*(S22-0.25)))),1) | AB22: =X22*Y22*Z22*AA22
A23: 3slswy | B23: Ana Laura da Rosa | C23: 0.7673 | D23: 0.291 | E23: 0.6108 | F23: 0.4839 | G23: 0.518 | H23: 0.5109 | I23: 0.4589 | J23: 0.7555 | K23: 0.744 | L23: =1-(1-Mecanismos!B2)*(1-C23) | M23: =Mecanismos!B7*D23 | N23: =Mecanismos!B4*(1-E23) | O23: =Mecanismos!B5*(1-F23) | P23: =Mecanismos!B6*(1-I23) | Q23: =Mecanismos!B9*(1-G23) | R23: =Mecanismos!B9*(1-J23) | S23: =Mecanismos!B8*H23 | T23: =Mecanismos!B10*H23 | U23: =Mecanismos!B8*K23 | V23: =Mecanismos!B3*D23 | W23: =Parametros!B2+Parametros!B4*(S23+T23+U23+V23)-Parametros!B3*(L23+M23+N23+O23+P23+Q23+R23) | X23: =1/(1+EXP(-W23)) | Y23: =IF(Parametros!B6=1,0.15+0.85*(1/(1+EXP(-8*((1-N23)-0.45)))),1) | Z23: =IF(Parametros!B7=1,MAX(0.05,1-L23^1.6),1) | AA23: =IF(Parametros!B8=1,0.2+0.8*(1/(1+EXP(-9*(S23-0.25)))),1) | AB23: =X23*Y23*Z23*AA23
A24: sjao07 | B24: Ana Liz Borges | C24: 0.4846 | D24: 0.0926 | E24: 0.5595 | F24: 0.3968 | G24: 0.4163 | H24: 0.5266 | I24: 0.5485 | J24: 0.9257 | K24: 0.4696 | L24: =1-(1-Mecanismos!B2)*(1-C24) | M24: =Mecanismos!B7*D24 | N24: =Mecanismos!B4*(1-E24) | O24: =Mecanismos!B5*(1-F24) | P24: =Mecanismos!B6*(1-I24) | Q24: =Mecanismos!B9*(1-G24) | R24: =Mecanismos!B9*(1-J24) | S24: =Mecanismos!B8*H24 | T24: =Mecanismos!B10*H24 | U24: =Mecanismos!B8*K24 | V24: =Mecanismos!B3*D24 | W24: =Parametros!B2+Parametros!B4*(S24+T24+U24+V24)-Parametros!B3*(L24+M24+N24+O24+P24+Q24+R24) | X24: =1/(1+EXP(-W24)) | Y24: =IF(Parametros!B6=1,0.15+0.85*(1/(1+EXP(-8*((1-N24)-0.45)))),1) | Z24: =IF(Parametros!B7=1,MAX(0.05,1-L24^1.6),1) | AA24: =IF(Parametros!B8=1,0.2+0.8*(1/(1+EXP(-9*(S24-0.25)))),1) | AB24: =X24*Y24*Z24*AA24
A25: ubeq1i | B25: Ana Lívia Martins | C25: 0.4008 | D25: 0.4217 | E25: 0.6392 | F25: 0.4039 | G25: 0.3616 | H25: 0.5483 | I25: 0.6078 | J25: 0.7788 | K25: 0.8832 | L25: =1-(1-Mecanismos!B2)*(1-C25) | M25: =Mecanismos!B7*D25 | N25: =Mecanismos!B4*(1-E25) | O25: =Mecanismos!B5*(1-F25) | P25: =Mecanismos!B6*(1-I25) | Q25: =Mecanismos!B9*(1-G25) | R25: =Mecanismos!B9*(1-J25) | S25: =Mecanismos!B8*H25 | T25: =Mecanismos!B10*H25 | U25: =Mecanismos!B8*K25 | V25: =Mecanismos!B3*D25 | W25: =Parametros!B2+Parametros!B4*(S25+T25+U25+V25)-Parametros!B3*(L25+M25+N25+O25+P25+Q25+R25) | X25: =1/(1+EXP(-W25)) | Y25: =IF(Parametros!B6=1,0.15+0.85*(1/(1+EXP(-8*((1-N25)-0.45)))),1) | Z25: =IF(Parametros!B7=1,MAX(0.05,1-L25^1.6),1) | AA25: =IF(Parametros!B8=1,0.2+0.8*(1/(1+EXP(-9*(S25-0.25)))),1) | AB25: =X25*Y25*Z25*AA25
A26: gco66u | B26: Ana Lívia Nogueira | C26: 0.6831 | D26: 0.5648 | E26: 0.4168 | F26: 0.3449 | G26: 0.4306 | H26: 0.3484 | I26: 0.6591 | J26: 0.828 | K26: 0.6324 | L26: =1-(1-Mecanismos!B2)*(1-C26) | M26: =Mecanismos!B7*D26 | N26: =Mecanismos!B4*(1-E26) | O26: =Mecanismos!B5*(1-F26) | P26: =Mecanismos!B6*(1-I26) | Q26: =Mecanismos!B9*(1-G26) | R26: =Mecanismos!B9*(1-J26) | S26: =Mecanismos!B8*H26 | T26: =Mecanismos!B10*H26 | U26: =Mecanismos!B8*K26 | V26: =Mecanismos!B3*D26 | W26: =Parametros!B2+Parametros!B4*(S26+T26+U26+V26)-Parametros!B3*(L26+M26+N26+O26+P26+Q26+R26) | X26: =1/(1+EXP(-W26)) | Y26: =IF(Parametros!B6=1,0.15+0.85*(1/(1+EXP(-8*((1-N26)-0.45)))),1) | Z26: =IF(Parametros!B7=1,MAX(0.05,1-L26^1.6),1) | AA26: =IF(Parametros!B8=1,0.2+0.8*(1/(1+EXP(-9*(S26-0.25)))),1) | AB26: =X26*Y26*Z26*AA26
A27: vnl0qe | B27: Ana Rodrigues | C27: 0.5674 | D27: 0.3866 | E27: 0.6072 | F27: 0.4133 | G27: 0.5369 | H27: 0.8358 | I27: 0.3012 | J27: 0.4514 | K27: 0.728 | L27: =1-(1-Mecanismos!B2)*(1-C27) | M27: =Mecanismos!B7*D27 | N27: =Mecanismos!B4*(1-E27) | O27: =Mecanismos!B5*(1-F27) | P27: =Mecanismos!B6*(1-I27) | Q27: =Mecanismos!B9*(1-G27) | R27: =Mecanismos!B9*(1-J27) | S27: =Mecanismos!B8*H27 | T27: =Mecanismos!B10*H27 | U27: =Mecanismos!B8*K27 | V27: =Mecanismos!B3*D27 | W27: =Parametros!B2+Parametros!B4*(S27+T27+U27+V27)-Parametros!B3*(L27+M27+N27+O27+P27+Q27+R27) | X27: =1/(1+EXP(-W27)) | Y27: =IF(Parametros!B6=1,0.15+0.85*(1/(1+EXP(-8*((1-N27)-0.45)))),1) | Z27: =IF(Parametros!B7=1,MAX(0.05,1-L27^1.6),1) | AA27: =IF(Parametros!B8=1,0.2+0.8*(1/(1+EXP(-9*(S27-0.25)))),1) | AB27: =X27*Y27*Z27*AA27
A28: n9nc23 | B28: Ana Silva | C28: 0.7249 | D28: 0.5329 | E28: 0.5652 | F28: 0.7298 | G28: 0.4544 | H28: 0.3764 | I28: 0.6075 | J28: 0.704 | K28: 0.2905 | L28: =1-(1-Mecanismos!B2)*(1-C28) | M28: =Mecanismos!B7*D28 | N28: =Mecanismos!B4*(1-E28) | O28: =Mecanismos!B5*(1-F28) | P28: =Mecanismos!B6*(1-I28) | Q28: =Mecanismos!B9*(1-G28) | R28: =Mecanismos!B9*(1-J28) | S28: =Mecanismos!B8*H28 | T28: =Mecanismos!B10*H28 | U28: =Mecanismos!B8*K28 | V28: =Mecanismos!B3*D28 | W28: =Parametros!B2+Parametros!B4*(S28+T28+U28+V28)-Parametros!B3*(L28+M28+N28+O28+P28+Q28+R28) | X28: =1/(1+EXP(-W28)) | Y28: =IF(Parametros!B6=1,0.15+0.85*(1/(1+EXP(-8*((1-N28)-0.45)))),1) | Z28: =IF(Parametros!B7=1,MAX(0.05,1-L28^1.6),1) | AA28: =IF(Parametros!B8=1,0.2+0.8*(1/(1+EXP(-9*(S28-0.25)))),1) | AB28: =X28*Y28*Z28*AA28
A29: 55u0d2 | B29: Ana Sophia Nascimento | C29: 0.3826 | D29: 0.5293 | E29: 0.5101 | F29: 0.4367 | G29: 0.7156 | H29: 0.7394 | I29: 0.6999 | J29: 0.8958 | K29: 0.6657 | L29: =1-(1-Mecanismos!B2)*(1-C29) | M29: =Mecanismos!B7*D29 | N29: =Mecanismos!B4*(1-E29) | O29: =Mecanismos!B5*(1-F29) | P29: =Mecanismos!B6*(1-I29) | Q29: =Mecanismos!B9*(1-G29) | R29: =Mecanismos!B9*(1-J29) | S29: =Mecanismos!B8*H29 | T29: =Mecanismos!B10*H29 | U29: =Mecanismos!B8*K29 | V29: =Mecanismos!B3*D29 | W29: =Parametros!B2+Parametros!B4*(S29+T29+U29+V29)-Parametros!B3*(L29+M29+N29+O29+P29+Q29+R29) | X29: =1/(1+EXP(-W29)) | Y29: =IF(Parametros!B6=1,0.15+0.85*(1/(1+EXP(-8*((1-N29)-0.45)))),1) | Z29: =IF(Parametros!B7=1,MAX(0.05,1-L29^1.6),1) | AA29: =IF(Parametros!B8=1,0.2+0.8*(1/(1+EXP(-9*(S29-0.25)))),1) | AB29: =X29*Y29*Z29*AA29
A30: tkas9o | B30: Ana Sophia Rocha | C30: 0.5473 | D30: 0.2928 | E30: 0.6952 | F30: 0.4635 | G30: 0.4481 | H30: 0.5276 | I30: 0.6712 | J30: 0.8159 | K30: 0.4069 | L30: =1-(1-Mecanismos!B2)*(1-C30) | M30: =Mecanismos!B7*D30 | N30: =Mecanismos!B4*(1-E30) | O30: =Mecanismos!B5*(1-F30) | P30: =Mecanismos!B6*(1-I30) | Q30: =Mecanismos!B9*(1-G30) | R30: =Mecanismos!B9*(1-J30) | S30: =Mecanismos!B8*H30 | T30: =Mecanismos!B10*H30 | U30: =Mecanismos!B8*K30 | V30: =Mecanismos!B3*D30 | W30: =Parametros!B2+Parametros!B4*(S30+T30+U30+V30)-Parametros!B3*(L30+M30+N30+O30+P30+Q30+R30) | X30: =1/(1+EXP(-W30)) | Y30: =IF(Parametros!B6=1,0.15+0.85*(1/(1+EXP(-8*((1-N30)-0.45)))),1) | Z30: =IF(Parametros!B7=1,MAX(0.05,1-L30^1.6),1) | AA30: =IF(Parametros!B8=1,0.2+0.8*(1/(1+EXP(-9*(S30-0.25)))),1) | AB30: =X30*Y30*Z30*AA30
A31: lnskvf | B31: Ana Sophia Silva | C31: 0.6033 | D31: 0.5706 | E31: 0.5738 | F31: 0.6856 | G31: 0.625 | H31: 0.6358 | I31: 0.737 | J31: 0.8136 | K31: 0.9127 | L31: =1-(1-Mecanismos!B2)*(1-C31) | M31: =Mecanismos!B7*D31 | N31: =Mecanismos!B4*(1-E31) | O31: =Mecanismos!B5*(1-F31) | P31: =Mecanismos!B6*(1-I31) | Q31: =Mecanismos!B9*(1-G31) | R31: =Mecanismos!B9*(1-J31) | S31: =Mecanismos!B8*H31 | T31: =Mecanismos!B10*H31 | U31: =Mecanismos!B8*K31 | V31: =Mecanismos!B3*D31 | W31: =Parametros!B2+Parametros!B4*(S31+T31+U31+V31)-Parametros!B3*(L31+M31+N31+O31+P31+Q31+R31) | X31: =1/(1+EXP(-W31)) | Y31: =IF(Parametros!B6=1,0.15+0.85*(1/(1+EXP(-8*((1-N31)-0.45)))),1) | Z31: =IF(Parametros!B7=1,MAX(0.05,1-L31^1.6),1) | AA31: =IF(Parametros!B8=1,0.2+0.8*(1/(1+EXP(-9*(S31-0.25)))),1) | AB31: =X31*Y31*Z31*AA31
A32: bycjlg | B32: Ana Vitória Leão | C32: 0.3706 | D32: 0.7253 | E32: 0.2394 | F32: 0.653 | G32: 0.6151 | H32: 0.5171 | I32: 0.8533 | J32: 0.8808 | K32: 0.8521 | L32: =1-(1-Mecanismos!B2)*(1-C32) | M32: =Mecanismos!B7*D32 | N32: =Mecanismos!B4*(1-E32) | O32: =Mecanismos!B5*(1-F32) | P32: =Mecanismos!B6*(1-I32) | Q32: =Mecanismos!B9*(1-G32) | R32: =Mecanismos!B9*(1-J32) | S32: =Mecanismos!B8*H32 | T32: =Mecanismos!B10*H32 | U32: =Mecanismos!B8*K32 | V32: =Mecanismos!B3*D32 | W32: =Parametros!B2+Parametros!B4*(S32+T32+U32+V32)-Parametros!B3*(L32+M32+N32+O32+P32+Q32+R32) | X32: =1/(1+EXP(-W32)) | Y32: =IF(Parametros!B6=1,0.15+0.85*(1/(1+EXP(-8*((1-N32)-0.45)))),1) | Z32: =IF(Parametros!B7=1,MAX(0.05,1-L32^1.6),1) | AA32: =IF(Parametros!B8=1,0.2+0.8*(1/(1+EXP(-9*(S32-0.25)))),1) | AB32: =X32*Y32*Z32*AA32
A33: tlv0r3 | B33: Ana Vitória Novais | C33: 0.792 | D33: 0.6549 | E33: 0.5235 | F33: 0.7449 | G33: 0.5798 | H33: 0.4968 | I33: 0.717 | J33: 0.8845 | K33: 0.7549 | L33: =1-(1-Mecanismos!B2)*(1-C33) | M33: =Mecanismos!B7*D33 | N33: =Mecanismos!B4*(1-E33) | O33: =Mecanismos!B5*(1-F33) | P33: =Mecanismos!B6*(1-I33) | Q33: =Mecanismos!B9*(1-G33) | R33: =Mecanismos!B9*(1-J33) | S33: =Mecanismos!B8*H33 | T33: =Mecanismos!B10*H33 | U33: =Mecanismos!B8*K33 | V33: =Mecanismos!B3*D33 | W33: =Parametros!B2+Parametros!B4*(S33+T33+U33+V33)-Parametros!B3*(L33+M33+N33+O33+P33+Q33+R33) | X33: =1/(1+EXP(-W33)) | Y33: =IF(Parametros!B6=1,0.15+0.85*(1/(1+EXP(-8*((1-N33)-0.45)))),1) | Z33: =IF(Parametros!B7=1,MAX(0.05,1-L33^1.6),1) | AA33: =IF(Parametros!B8=1,0.2+0.8*(1/(1+EXP(-9*(S33-0.25)))),1) | AB33: =X33*Y33*Z33*AA33
A34: cefy7g | B34: Anna Liz Cirino | C34: 0.6093 | D34: 0.4317 | E34: 0.3123 | F34: 0.4777 | G34: 0.4084 | H34: 0.7045 | I34: 0.8122 | J34: 0.7806 | K34: 0.5385 | L34: =1-(1-Mecanismos!B2)*(1-C34) | M34: =Mecanismos!B7*D34 | N34: =Mecanismos!B4*(1-E34) | O34: =Mecanismos!B5*(1-F34) | P34: =Mecanismos!B6*(1-I34) | Q34: =Mecanismos!B9*(1-G34) | R34: =Mecanismos!B9*(1-J34) | S34: =Mecanismos!B8*H34 | T34: =Mecanismos!B10*H34 | U34: =Mecanismos!B8*K34 | V34: =Mecanismos!B3*D34 | W34: =Parametros!B2+Parametros!B4*(S34+T34+U34+V34)-Parametros!B3*(L34+M34+N34+O34+P34+Q34+R34) | X34: =1/(1+EXP(-W34)) | Y34: =IF(Parametros!B6=1,0.15+0.85*(1/(1+EXP(-8*((1-N34)-0.45)))),1) | Z34: =IF(Parametros!B7=1,MAX(0.05,1-L34^1.6),1) | AA34: =IF(Parametros!B8=1,0.2+0.8*(1/(1+EXP(-9*(S34-0.25)))),1) | AB34: =X34*Y34*Z34*AA34
A35: 046c56 | B35: Anna Liz Machado | C35: 0.428 | D35: 0.6072 | E35: 0.5755 | F35: 0.6144 | G35: 0.4749 | H35: 0.7059 | I35: 0.8791 | J35: 0.8352 | K35: 0.5581 | L35: =1-(1-Mecanismos!B2)*(1-C35) | M35: =Mecanismos!B7*D35 | N35: =Mecanismos!B4*(1-E35) | O35: =Mecanismos!B5*(1-F35) | P35: =Mecanismos!B6*(1-I35) | Q35: =Mecanismos!B9*(1-G35) | R35: =Mecanismos!B9*(1-J35) | S35: =Mecanismos!B8*H35 | T35: =Mecanismos!B10*H35 | U35: =Mecanismos!B8*K35 | V35: =Mecanismos!B3*D35 | W35: =Parametros!B2+Parametros!B4*(S35+T35+U35+V35)-Parametros!B3*(L35+M35+N35+O35+P35+Q35+R35) | X35: =1/(1+EXP(-W35)) | Y35: =IF(Parametros!B6=1,0.15+0.85*(1/(1+EXP(-8*((1-N35)-0.45)))),1) | Z35: =IF(Parametros!B7=1,MAX(0.05,1-L35^1.6),1) | AA35: =IF(Parametros!B8=1,0.2+0.8*(1/(1+EXP(-9*(S35-0.25)))),1) | AB35: =X35*Y35*Z35*AA35
A36: 7k0knj | B36: Anthony Abreu | C36: 0.5636 | D36: 0.7009 | E36: 0.664 | F36: 0.7736 | G36: 0.5988 | H36: 0.8451 | I36: 0.4493 | J36: 0.8821 | K36: 0.4559 | L36: =1-(1-Mecanismos!B2)*(1-C36) | M36: =Mecanismos!B7*D36 | N36: =Mecanismos!B4*(1-E36) | O36: =Mecanismos!B5*(1-F36) | P36: =Mecanismos!B6*(1-I36) | Q36: =Mecanismos!B9*(1-G36) | R36: =Mecanismos!B9*(1-J36) | S36: =Mecanismos!B8*H36 | T36: =Mecanismos!B10*H36 | U36: =Mecanismos!B8*K36 | V36: =Mecanismos!B3*D36 | W36: =Parametros!B2+Parametros!B4*(S36+T36+U36+V36)-Parametros!B3*(L36+M36+N36+O36+P36+Q36+R36) | X36: =1/(1+EXP(-W36)) | Y36: =IF(Parametros!B6=1,0.15+0.85*(1/(1+EXP(-8*((1-N36)-0.45)))),1) | Z36: =IF(Parametros!B7=1,MAX(0.05,1-L36^1.6),1) | AA36: =IF(Parametros!B8=1,0.2+0.8*(1/(1+EXP(-9*(S36-0.25)))),1) | AB36: =X36*Y36*Z36*AA36
A37: 3xpc10 | B37: Anthony Gabriel Pimenta | C37: 0.8889 | D37: 0.5508 | E37: 0.6847 | F37: 0.4937 | G37: 0.2592 | H37: 0.5793 | I37: 0.3691 | J37: 0.752 | K37: 0.7699 | L37: =1-(1-Mecanismos!B2)*(1-C37) | M37: =Mecanismos!B7*D37 | N37: =Mecanismos!B4*(1-E37) | O37: =Mecanismos!B5*(1-F37) | P37: =Mecanismos!B6*(1-I37) | Q37: =Mecanismos!B9*(1-G37) | R37: =Mecanismos!B9*(1-J37) | S37: =Mecanismos!B8*H37 | T37: =Mecanismos!B10*H37 | U37: =Mecanismos!B8*K37 | V37: =Mecanismos!B3*D37 | W37: =Parametros!B2+Parametros!B4*(S37+T37+U37+V37)-Parametros!B3*(L37+M37+N37+O37+P37+Q37+R37) | X37: =1/(1+EXP(-W37)) | Y37: =IF(Parametros!B6=1,0.15+0.85*(1/(1+EXP(-8*((1-N37)-0.45)))),1) | Z37: =IF(Parametros!B7=1,MAX(0.05,1-L37^1.6),1) | AA37: =IF(Parametros!B8=1,0.2+0.8*(1/(1+EXP(-9*(S37-0.25)))),1) | AB37: =X37*Y37*Z37*AA37
A38: jojhfk | B38: Anthony Gabriel Porto | C38: 0.5141 | D38: 0.4879 | E38: 0.3232 | F38: 0.7076 | G38: 0.6327 | H38: 0.6287 | I38: 0.299 | J38: 0.9349 | K38: 0.5221 | L38: =1-(1-Mecanismos!B2)*(1-C38) | M38: =Mecanismos!B7*D38 | N38: =Mecanismos!B4*(1-E38) | O38: =Mecanismos!B5*(1-F38) | P38: =Mecanismos!B6*(1-I38) | Q38: =Mecanismos!B9*(1-G38) | R38: =Mecanismos!B9*(1-J38) | S38: =Mecanismos!B8*H38 | T38: =Mecanismos!B10*H38 | U38: =Mecanismos!B8*K38 | V38: =Mecanismos!B3*D38 | W38: =Parametros!B2+Parametros!B4*(S38+T38+U38+V38)-Parametros!B3*(L38+M38+N38+O38+P38+Q38+R38) | X38: =1/(1+EXP(-W38)) | Y38: =IF(Parametros!B6=1,0.15+0.85*(1/(1+EXP(-8*((1-N38)-0.45)))),1) | Z38: =IF(Parametros!B7=1,MAX(0.05,1-L38^1.6),1) | AA38: =IF(Parametros!B8=1,0.2+0.8*(1/(1+EXP(-9*(S38-0.25)))),1) | AB38: =X38*Y38*Z38*AA38
A39: tfym8o | B39: Anthony Vieira | C39: 0.5372 | D39: 0.5576 | E39: 0.4255 | F39: 0.3443 | G39: 0.6178 | H39: 0.4644 | I39: 0.5912 | J39: 0.7356 | K39: 0.2946 | L39: =1-(1-Mecanismos!B2)*(1-C39) | M39: =Mecanismos!B7*D39 | N39: =Mecanismos!B4*(1-E39) | O39: =Mecanismos!B5*(1-F39) | P39: =Mecanismos!B6*(1-I39) | Q39: =Mecanismos!B9*(1-G39) | R39: =Mecanismos!B9*(1-J39) | S39: =Mecanismos!B8*H39 | T39: =Mecanismos!B10*H39 | U39: =Mecanismos!B8*K39 | V39: =Mecanismos!B3*D39 | W39: =Parametros!B2+Parametros!B4*(S39+T39+U39+V39)-Parametros!B3*(L39+M39+N39+O39+P39+Q39+R39) | X39: =1/(1+EXP(-W39)) | Y39: =IF(Parametros!B6=1,0.15+0.85*(1/(1+EXP(-8*((1-N39)-0.45)))),1) | Z39: =IF(Parametros!B7=1,MAX(0.05,1-L39^1.6),1) | AA39: =IF(Parametros!B8=1,0.2+0.8*(1/(1+EXP(-9*(S39-0.25)))),1) | AB39: =X39*Y39*Z39*AA39
A40: 2rub73 | B40: Antonella da Cruz | C40: 0.6084 | D40: 0.6544 | E40: 0.7235 | F40: 0.6455 | G40: 0.4353 | H40: 0.5366 | I40: 0.5555 | J40: 0.7694 | K40: 0.2525 | L40: =1-(1-Mecanismos!B2)*(1-C40) | M40: =Mecanismos!B7*D40 | N40: =Mecanismos!B4*(1-E40) | O40: =Mecanismos!B5*(1-F40) | P40: =Mecanismos!B6*(1-I40) | Q40: =Mecanismos!B9*(1-G40) | R40: =Mecanismos!B9*(1-J40) | S40: =Mecanismos!B8*H40 | T40: =Mecanismos!B10*H40 | U40: =Mecanismos!B8*K40 | V40: =Mecanismos!B3*D40 | W40: =Parametros!B2+Parametros!B4*(S40+T40+U40+V40)-Parametros!B3*(L40+M40+N40+O40+P40+Q40+R40) | X40: =1/(1+EXP(-W40)) | Y40: =IF(Parametros!B6=1,0.15+0.85*(1/(1+EXP(-8*((1-N40)-0.45)))),1) | Z40: =IF(Parametros!B7=1,MAX(0.05,1-L40^1.6),1) | AA40: =IF(Parametros!B8=1,0.2+0.8*(1/(1+EXP(-9*(S40-0.25)))),1) | AB40: =X40*Y40*Z40*AA40
A41: fy4z6b | B41: Antony Carvalho | C41: 0.4191 | D41: 0.4223 | E41: 0.6448 | F41: 0.4533 | G41: 0.3146 | H41: 0.5795 | I41: 0.5443 | J41: 0.9162 | K41: 0.6272 | L41: =1-(1-Mecanismos!B2)*(1-C41) | M41: =Mecanismos!B7*D41 | N41: =Mecanismos!B4*(1-E41) | O41: =Mecanismos!B5*(1-F41) | P41: =Mecanismos!B6*(1-I41) | Q41: =Mecanismos!B9*(1-G41) | R41: =Mecanismos!B9*(1-J41) | S41: =Mecanismos!B8*H41 | T41: =Mecanismos!B10*H41 | U41: =Mecanismos!B8*K41 | V41: =Mecanismos!B3*D41 | W41: =Parametros!B2+Parametros!B4*(S41+T41+U41+V41)-Parametros!B3*(L41+M41+N41+O41+P41+Q41+R41) | X41: =1/(1+EXP(-W41)) | Y41: =IF(Parametros!B6=1,0.15+0.85*(1/(1+EXP(-8*((1-N41)-0.45)))),1) | Z41: =IF(Parametros!B7=1,MAX(0.05,1-L41^1.6),1) | AA41: =IF(Parametros!B8=1,0.2+0.8*(1/(1+EXP(-9*(S41-0.25)))),1) | AB41: =X41*Y41*Z41*AA41
A42: 1cuuqz | B42: Antony Costa | C42: 0.6265 | D42: 0.6172 | E42: 0.4852 | F42: 0.8444 | G42: 0.4281 | H42: 0.4571 | I42: 0.7838 | J42: 0.7523 | K42: 0.5075 | L42: =1-(1-Mecanismos!B2)*(1-C42) | M42: =Mecanismos!B7*D42 | N42: =Mecanismos!B4*(1-E42) | O42: =Mecanismos!B5*(1-F42) | P42: =Mecanismos!B6*(1-I42) | Q42: =Mecanismos!B9*(1-G42) | R42: =Mecanismos!B9*(1-J42) | S42: =Mecanismos!B8*H42 | T42: =Mecanismos!B10*H42 | U42: =Mecanismos!B8*K42 | V42: =Mecanismos!B3*D42 | W42: =Parametros!B2+Parametros!B4*(S42+T42+U42+V42)-Parametros!B3*(L42+M42+N42+O42+P42+Q42+R42) | X42: =1/(1+EXP(-W42)) | Y42: =IF(Parametros!B6=1,0.15+0.85*(1/(1+EXP(-8*((1-N42)-0.45)))),1) | Z42: =IF(Parametros!B7=1,MAX(0.05,1-L42^1.6),1) | AA42: =IF(Parametros!B8=1,0.2+0.8*(1/(1+EXP(-9*(S42-0.25)))),1) | AB42: =X42*Y42*Z42*AA42
A43: hysgra | B43: Antônio Fernandes | C43: 0.6845 | D43: 0.7142 | E43: 0.4157 | F43: 0.614 | G43: 0.4252 | H43: 0.6934 | I43: 0.7446 | J43: 0.8368 | K43: 0.4699 | L43: =1-(1-Mecanismos!B2)*(1-C43) | M43: =Mecanismos!B7*D43 | N43: =Mecanismos!B4*(1-E43) | O43: =Mecanismos!B5*(1-F43) | P43: =Mecanismos!B6*(1-I43) | Q43: =Mecanismos!B9*(1-G43) | R43: =Mecanismos!B9*(1-J43) | S43: =Mecanismos!B8*H43 | T43: =Mecanismos!B10*H43 | U43: =Mecanismos!B8*K43 | V43: =Mecanismos!B3*D43 | W43: =Parametros!B2+Parametros!B4*(S43+T43+U43+V43)-Parametros!B3*(L43+M43+N43+O43+P43+Q43+R43) | X43: =1/(1+EXP(-W43)) | Y43: =IF(Parametros!B6=1,0.15+0.85*(1/(1+EXP(-8*((1-N43)-0.45)))),1) | Z43: =IF(Parametros!B7=1,MAX(0.05,1-L43^1.6),1) | AA43: =IF(Parametros!B8=1,0.2+0.8*(1/(1+EXP(-9*(S43-0.25)))),1) | AB43: =X43*Y43*Z43*AA43
A44: n4ujdc | B44: Arthur Andrade | C44: 0.6447 | D44: 0.5548 | E44: 0.2737 | F44: 0.6021 | G44: 0.4034 | H44: 0.832 | I44: 0.3756 | J44: 0.7184 | K44: 0.5529 | L44: =1-(1-Mecanismos!B2)*(1-C44) | M44: =Mecanismos!B7*D44 | N44: =Mecanismos!B4*(1-E44) | O44: =Mecanismos!B5*(1-F44) | P44: =Mecanismos!B6*(1-I44) | Q44: =Mecanismos!B9*(1-G44) | R44: =Mecanismos!B9*(1-J44) | S44: =Mecanismos!B8*H44 | T44: =Mecanismos!B10*H44 | U44: =Mecanismos!B8*K44 | V44: =Mecanismos!B3*D44 | W44: =Parametros!B2+Parametros!B4*(S44+T44+U44+V44)-Parametros!B3*(L44+M44+N44+O44+P44+Q44+R44) | X44: =1/(1+EXP(-W44)) | Y44: =IF(Parametros!B6=1,0.15+0.85*(1/(1+EXP(-8*((1-N44)-0.45)))),1) | Z44: =IF(Parametros!B7=1,MAX(0.05,1-L44^1.6),1) | AA44: =IF(Parametros!B8=1,0.2+0.8*(1/(1+EXP(-9*(S44-0.25)))),1) | AB44: =X44*Y44*Z44*AA44
A45: 86hosa | B45: Arthur Brito | C45: 0.3785 | D45: 0.5278 | E45: 0.5058 | F45: 0.5301 | G45: 0.5619 | H45: 0.4793 | I45: 0.4738 | J45: 0.8715 | K45: 0.677 | L45: =1-(1-Mecanismos!B2)*(1-C45) | M45: =Mecanismos!B7*D45 | N45: =Mecanismos!B4*(1-E45) | O45: =Mecanismos!B5*(1-F45) | P45: =Mecanismos!B6*(1-I45) | Q45: =Mecanismos!B9*(1-G45) | R45: =Mecanismos!B9*(1-J45) | S45: =Mecanismos!B8*H45 | T45: =Mecanismos!B10*H45 | U45: =Mecanismos!B8*K45 | V45: =Mecanismos!B3*D45 | W45: =Parametros!B2+Parametros!B4*(S45+T45+U45+V45)-Parametros!B3*(L45+M45+N45+O45+P45+Q45+R45) | X45: =1/(1+EXP(-W45)) | Y45: =IF(Parametros!B6=1,0.15+0.85*(1/(1+EXP(-8*((1-N45)-0.45)))),1) | Z45: =IF(Parametros!B7=1,MAX(0.05,1-L45^1.6),1) | AA45: =IF(Parametros!B8=1,0.2+0.8*(1/(1+EXP(-9*(S45-0.25)))),1) | AB45: =X45*Y45*Z45*AA45
A46: p34r2n | B46: Arthur Gabriel Farias | C46: 0.6252 | D46: 0.6437 | E46: 0.6123 | F46: 0.4079 | G46: 0.3713 | H46: 0.5198 | I46: 0.2177 | J46: 0.6416 | K46: 0.3803 | L46: =1-(1-Mecanismos!B2)*(1-C46) | M46: =Mecanismos!B7*D46 | N46: =Mecanismos!B4*(1-E46) | O46: =Mecanismos!B5*(1-F46) | P46: =Mecanismos!B6*(1-I46) | Q46: =Mecanismos!B9*(1-G46) | R46: =Mecanismos!B9*(1-J46) | S46: =Mecanismos!B8*H46 | T46: =Mecanismos!B10*H46 | U46: =Mecanismos!B8*K46 | V46: =Mecanismos!B3*D46 | W46: =Parametros!B2+Parametros!B4*(S46+T46+U46+V46)-Parametros!B3*(L46+M46+N46+O46+P46+Q46+R46) | X46: =1/(1+EXP(-W46)) | Y46: =IF(Parametros!B6=1,0.15+0.85*(1/(1+EXP(-8*((1-N46)-0.45)))),1) | Z46: =IF(Parametros!B7=1,MAX(0.05,1-L46^1.6),1) | AA46: =IF(Parametros!B8=1,0.2+0.8*(1/(1+EXP(-9*(S46-0.25)))),1) | AB46: =X46*Y46*Z46*AA46
A47: iphpo7 | B47: Arthur Gabriel Sales | C47: 0.5334 | D47: 0.7367 | E47: 0.4204 | F47: 0.4735 | G47: 0.5612 | H47: 0.4114 | I47: 0.858 | J47: 0.6743 | K47: 0.5859 | L47: =1-(1-Mecanismos!B2)*(1-C47) | M47: =Mecanismos!B7*D47 | N47: =Mecanismos!B4*(1-E47) | O47: =Mecanismos!B5*(1-F47) | P47: =Mecanismos!B6*(1-I47) | Q47: =Mecanismos!B9*(1-G47) | R47: =Mecanismos!B9*(1-J47) | S47: =Mecanismos!B8*H47 | T47: =Mecanismos!B10*H47 | U47: =Mecanismos!B8*K47 | V47: =Mecanismos!B3*D47 | W47: =Parametros!B2+Parametros!B4*(S47+T47+U47+V47)-Parametros!B3*(L47+M47+N47+O47+P47+Q47+R47) | X47: =1/(1+EXP(-W47)) | Y47: =IF(Parametros!B6=1,0.15+0.85*(1/(1+EXP(-8*((1-N47)-0.45)))),1) | Z47: =IF(Parametros!B7=1,MAX(0.05,1-L47^1.6),1) | AA47: =IF(Parametros!B8=1,0.2+0.8*(1/(1+EXP(-9*(S47-0.25)))),1) | AB47: =X47*Y47*Z47*AA47
A48: 94bbaw | B48: Arthur Gabriel Teixeira | C48: 0.7604 | D48: 0.3196 | E48: 0.8025 | F48: 0.2665 | G48: 0.2533 | H48: 0.6611 | I48: 0.2776 | J48: 0.6574 | K48: 0.2228 | L48: =1-(1-Mecanismos!B2)*(1-C48) | M48: =Mecanismos!B7*D48 | N48: =Mecanismos!B4*(1-E48) | O48: =Mecanismos!B5*(1-F48) | P48: =Mecanismos!B6*(1-I48) | Q48: =Mecanismos!B9*(1-G48) | R48: =Mecanismos!B9*(1-J48) | S48: =Mecanismos!B8*H48 | T48: =Mecanismos!B10*H48 | U48: =Mecanismos!B8*K48 | V48: =Mecanismos!B3*D48 | W48: =Parametros!B2+Parametros!B4*(S48+T48+U48+V48)-Parametros!B3*(L48+M48+N48+O48+P48+Q48+R48) | X48: =1/(1+EXP(-W48)) | Y48: =IF(Parametros!B6=1,0.15+0.85*(1/(1+EXP(-8*((1-N48)-0.45)))),1) | Z48: =IF(Parametros!B7=1,MAX(0.05,1-L48^1.6),1) | AA48: =IF(Parametros!B8=1,0.2+0.8*(1/(1+EXP(-9*(S48-0.25)))),1) | AB48: =X48*Y48*Z48*AA48
A49: 7bfugj | B49: Arthur Gabriel da Conceição | C49: 0.6636 | D49: 0.4242 | E49: 0.5938 | F49: 0.4762 | G49: 0.5247 | H49: 0.3639 | I49: 0.3083 | J49: 0.8112 | K49: 0.4905 | L49: =1-(1-Mecanismos!B2)*(1-C49) | M49: =Mecanismos!B7*D49 | N49: =Mecanismos!B4*(1-E49) | O49: =Mecanismos!B5*(1-F49) | P49: =Mecanismos!B6*(1-I49) | Q49: =Mecanismos!B9*(1-G49) | R49: =Mecanismos!B9*(1-J49) | S49: =Mecanismos!B8*H49 | T49: =Mecanismos!B10*H49 | U49: =Mecanismos!B8*K49 | V49: =Mecanismos!B3*D49 | W49: =Parametros!B2+Parametros!B4*(S49+T49+U49+V49)-Parametros!B3*(L49+M49+N49+O49+P49+Q49+R49) | X49: =1/(1+EXP(-W49)) | Y49: =IF(Parametros!B6=1,0.15+0.85*(1/(1+EXP(-8*((1-N49)-0.45)))),1) | Z49: =IF(Parametros!B7=1,MAX(0.05,1-L49^1.6),1) | AA49: =IF(Parametros!B8=1,0.2+0.8*(1/(1+EXP(-9*(S49-0.25)))),1) | AB49: =X49*Y49*Z49*AA49
A50: 872p5i | B50: Arthur Gabriel da Mata | C50: 0.7577 | D50: 0.4349 | E50: 0.4172 | F50: 0.7464 | G50: 0.4909 | H50: 0.501 | I50: 0.7142 | J50: 0.8594 | K50: 0.1705 | L50: =1-(1-Mecanismos!B2)*(1-C50) | M50: =Mecanismos!B7*D50 | N50: =Mecanismos!B4*(1-E50) | O50: =Mecanismos!B5*(1-F50) | P50: =Mecanismos!B6*(1-I50) | Q50: =Mecanismos!B9*(1-G50) | R50: =Mecanismos!B9*(1-J50) | S50: =Mecanismos!B8*H50 | T50: =Mecanismos!B10*H50 | U50: =Mecanismos!B8*K50 | V50: =Mecanismos!B3*D50 | W50: =Parametros!B2+Parametros!B4*(S50+T50+U50+V50)-Parametros!B3*(L50+M50+N50+O50+P50+Q50+R50) | X50: =1/(1+EXP(-W50)) | Y50: =IF(Parametros!B6=1,0.15+0.85*(1/(1+EXP(-8*((1-N50)-0.45)))),1) | Z50: =IF(Parametros!B7=1,MAX(0.05,1-L50^1.6),1) | AA50: =IF(Parametros!B8=1,0.2+0.8*(1/(1+EXP(-9*(S50-0.25)))),1) | AB50: =X50*Y50*Z50*AA50
A51: wnu627 | B51: Arthur Gabriel da Paz | C51: 0.4651 | D51: 0.5366 | E51: 0.6867 | F51: 0.6515 | G51: 0.3666 | H51: 0.5135 | I51: 0.4151 | J51: 0.7924 | K51: 0.5115 | L51: =1-(1-Mecanismos!B2)*(1-C51) | M51: =Mecanismos!B7*D51 | N51: =Mecanismos!B4*(1-E51) | O51: =Mecanismos!B5*(1-F51) | P51: =Mecanismos!B6*(1-I51) | Q51: =Mecanismos!B9*(1-G51) | R51: =Mecanismos!B9*(1-J51) | S51: =Mecanismos!B8*H51 | T51: =Mecanismos!B10*H51 | U51: =Mecanismos!B8*K51 | V51: =Mecanismos!B3*D51 | W51: =Parametros!B2+Parametros!B4*(S51+T51+U51+V51)-Parametros!B3*(L51+M51+N51+O51+P51+Q51+R51) | X51: =1/(1+EXP(-W51)) | Y51: =IF(Parametros!B6=1,0.15+0.85*(1/(1+EXP(-8*((1-N51)-0.45)))),1) | Z51: =IF(Parametros!B7=1,MAX(0.05,1-L51^1.6),1) | AA51: =IF(Parametros!B8=1,0.2+0.8*(1/(1+EXP(-9*(S51-0.25)))),1) | AB51: =X51*Y51*Z51*AA51
A52: ofabh1 | B52: Arthur Macedo | C52: 0.5305 | D52: 0.6626 | E52: 0.4081 | F52: 0.4848 | G52: 0.3356 | H52: 0.7124 | I52: 0.5397 | J52: 0.62 | K52: 0.4494 | L52: =1-(1-Mecanismos!B2)*(1-C52) | M52: =Mecanismos!B7*D52 | N52: =Mecanismos!B4*(1-E52) | O52: =Mecanismos!B5*(1-F52) | P52: =Mecanismos!B6*(1-I52) | Q52: =Mecanismos!B9*(1-G52) | R52: =Mecanismos!B9*(1-J52) | S52: =Mecanismos!B8*H52 | T52: =Mecanismos!B10*H52 | U52: =Mecanismos!B8*K52 | V52: =Mecanismos!B3*D52 | W52: =Parametros!B2+Parametros!B4*(S52+T52+U52+V52)-Parametros!B3*(L52+M52+N52+O52+P52+Q52+R52) | X52: =1/(1+EXP(-W52)) | Y52: =IF(Parametros!B6=1,0.15+0.85*(1/(1+EXP(-8*((1-N52)-0.45)))),1) | Z52: =IF(Parametros!B7=1,MAX(0.05,1-L52^1.6),1) | AA52: =IF(Parametros!B8=1,0.2+0.8*(1/(1+EXP(-9*(S52-0.25)))),1) | AB52: =X52*Y52*Z52*AA52
A53: 9joc5w | B53: Arthur Mendonça | C53: 0.4548 | D53: 0.4672 | E53: 0.5787 | F53: 0.4499 | G53: 0.5804 | H53: 0.5583 | I53: 0.4495 | J53: 0.5338 | K53: 0.7113 | L53: =1-(1-Mecanismos!B2)*(1-C53) | M53: =Mecanismos!B7*D53 | N53: =Mecanismos!B4*(1-E53) | O53: =Mecanismos!B5*(1-F53) | P53: =Mecanismos!B6*(1-I53) | Q53: =Mecanismos!B9*(1-G53) | R53: =Mecanismos!B9*(1-J53) | S53: =Mecanismos!B8*H53 | T53: =Mecanismos!B10*H53 | U53: =Mecanismos!B8*K53 | V53: =Mecanismos!B3*D53 | W53: =Parametros!B2+Parametros!B4*(S53+T53+U53+V53)-Parametros!B3*(L53+M53+N53+O53+P53+Q53+R53) | X53: =1/(1+EXP(-W53)) | Y53: =IF(Parametros!B6=1,0.15+0.85*(1/(1+EXP(-8*((1-N53)-0.45)))),1) | Z53: =IF(Parametros!B7=1,MAX(0.05,1-L53^1.6),1) | AA53: =IF(Parametros!B8=1,0.2+0.8*(1/(1+EXP(-9*(S53-0.25)))),1) | AB53: =X53*Y53*Z53*AA53
A54: 0bw7lx | B54: Asafe Casa Grande | C54: 0.5506 | D54: 0.5962 | E54: 0.6634 | F54: 0.4336 | G54: 0.3127 | H54: 0.6588 | I54: 0.5801 | J54: 0.7452 | K54: 0.4173 | L54: =1-(1-Mecanismos!B2)*(1-C54) | M54: =Mecanismos!B7*D54 | N54: =Mecanismos!B4*(1-E54) | O54: =Mecanismos!B5*(1-F54) | P54: =Mecanismos!B6*(1-I54) | Q54: =Mecanismos!B9*(1-G54) | R54: =Mecanismos!B9*(1-J54) | S54: =Mecanismos!B8*H54 | T54: =Mecanismos!B10*H54 | U54: =Mecanismos!B8*K54 | V54: =Mecanismos!B3*D54 | W54: =Parametros!B2+Parametros!B4*(S54+T54+U54+V54)-Parametros!B3*(L54+M54+N54+O54+P54+Q54+R54) | X54: =1/(1+EXP(-W54)) | Y54: =IF(Parametros!B6=1,0.15+0.85*(1/(1+EXP(-8*((1-N54)-0.45)))),1) | Z54: =IF(Parametros!B7=1,MAX(0.05,1-L54^1.6),1) | AA54: =IF(Parametros!B8=1,0.2+0.8*(1/(1+EXP(-9*(S54-0.25)))),1) | AB54: =X54*Y54*Z54*AA54
A55: vd2fjq | B55: Asafe Mendonça | C55: 0.4267 | D55: 0.602 | E55: 0.5898 | F55: 0.3891 | G55: 0.2354 | H55: 0.3125 | I55: 0.2254 | J55: 0.787 | K55: 0.7444 | L55: =1-(1-Mecanismos!B2)*(1-C55) | M55: =Mecanismos!B7*D55 | N55: =Mecanismos!B4*(1-E55) | O55: =Mecanismos!B5*(1-F55) | P55: =Mecanismos!B6*(1-I55) | Q55: =Mecanismos!B9*(1-G55) | R55: =Mecanismos!B9*(1-J55) | S55: =Mecanismos!B8*H55 | T55: =Mecanismos!B10*H55 | U55: =Mecanismos!B8*K55 | V55: =Mecanismos!B3*D55 | W55: =Parametros!B2+Parametros!B4*(S55+T55+U55+V55)-Parametros!B3*(L55+M55+N55+O55+P55+Q55+R55) | X55: =1/(1+EXP(-W55)) | Y55: =IF(Parametros!B6=1,0.15+0.85*(1/(1+EXP(-8*((1-N55)-0.45)))),1) | Z55: =IF(Parametros!B7=1,MAX(0.05,1-L55^1.6),1) | AA55: =IF(Parametros!B8=1,0.2+0.8*(1/(1+EXP(-9*(S55-0.25)))),1) | AB55: =X55*Y55*Z55*AA55
A56: iu2r2k | B56: Augusto Fogaça | C56: 0.9189 | D56: 0.5249 | E56: 0.7524 | F56: 0.468 | G56: 0.4344 | H56: 0.6105 | I56: 0.2055 | J56: 0.4767 | K56: 0.5215 | L56: =1-(1-Mecanismos!B2)*(1-C56) | M56: =Mecanismos!B7*D56 | N56: =Mecanismos!B4*(1-E56) | O56: =Mecanismos!B5*(1-F56) | P56: =Mecanismos!B6*(1-I56) | Q56: =Mecanismos!B9*(1-G56) | R56: =Mecanismos!B9*(1-J56) | S56: =Mecanismos!B8*H56 | T56: =Mecanismos!B10*H56 | U56: =Mecanismos!B8*K56 | V56: =Mecanismos!B3*D56 | W56: =Parametros!B2+Parametros!B4*(S56+T56+U56+V56)-Parametros!B3*(L56+M56+N56+O56+P56+Q56+R56) | X56: =1/(1+EXP(-W56)) | Y56: =IF(Parametros!B6=1,0.15+0.85*(1/(1+EXP(-8*((1-N56)-0.45)))),1) | Z56: =IF(Parametros!B7=1,MAX(0.05,1-L56^1.6),1) | AA56: =IF(Parametros!B8=1,0.2+0.8*(1/(1+EXP(-9*(S56-0.25)))),1) | AB56: =X56*Y56*Z56*AA56
A57: b27m5n | B57: Ayla Mendonça | C57: 0.3823 | D57: 0.456 | E57: 0.5211 | F57: 0.4729 | G57: 0.3434 | H57: 0.6832 | I57: 0.6827 | J57: 0.8996 | K57: 0.4686 | L57: =1-(1-Mecanismos!B2)*(1-C57) | M57: =Mecanismos!B7*D57 | N57: =Mecanismos!B4*(1-E57) | O57: =Mecanismos!B5*(1-F57) | P57: =Mecanismos!B6*(1-I57) | Q57: =Mecanismos!B9*(1-G57) | R57: =Mecanismos!B9*(1-J57) | S57: =Mecanismos!B8*H57 | T57: =Mecanismos!B10*H57 | U57: =Mecanismos!B8*K57 | V57: =Mecanismos!B3*D57 | W57: =Parametros!B2+Parametros!B4*(S57+T57+U57+V57)-Parametros!B3*(L57+M57+N57+O57+P57+Q57+R57) | X57: =1/(1+EXP(-W57)) | Y57: =IF(Parametros!B6=1,0.15+0.85*(1/(1+EXP(-8*((1-N57)-0.45)))),1) | Z57: =IF(Parametros!B7=1,MAX(0.05,1-L57^1.6),1) | AA57: =IF(Parametros!B8=1,0.2+0.8*(1/(1+EXP(-9*(S57-0.25)))),1) | AB57: =X57*Y57*Z57*AA57
A58: pe0ibe | B58: Ayla Rocha | C58: 0.5651 | D58: 0.804 | E58: 0.467 | F58: 0.6735 | G58: 0.4253 | H58: 0.7144 | I58: 0.6921 | J58: 0.7268 | K58: 0.7039 | L58: =1-(1-Mecanismos!B2)*(1-C58) | M58: =Mecanismos!B7*D58 | N58: =Mecanismos!B4*(1-E58) | O58: =Mecanismos!B5*(1-F58) | P58: =Mecanismos!B6*(1-I58) | Q58: =Mecanismos!B9*(1-G58) | R58: =Mecanismos!B9*(1-J58) | S58: =Mecanismos!B8*H58 | T58: =Mecanismos!B10*H58 | U58: =Mecanismos!B8*K58 | V58: =Mecanismos!B3*D58 | W58: =Parametros!B2+Parametros!B4*(S58+T58+U58+V58)-Parametros!B3*(L58+M58+N58+O58+P58+Q58+R58) | X58: =1/(1+EXP(-W58)) | Y58: =IF(Parametros!B6=1,0.15+0.85*(1/(1+EXP(-8*((1-N58)-0.45)))),1) | Z58: =IF(Parametros!B7=1,MAX(0.05,1-L58^1.6),1) | AA58: =IF(Parametros!B8=1,0.2+0.8*(1/(1+EXP(-9*(S58-0.25)))),1) | AB58: =X58*Y58*Z58*AA58
A59: 4t6zl5 | B59: Aylla Fernandes | C59: 0.4491 | D59: 0.6209 | E59: 0.617 | F59: 0.5505 | G59: 0.5838 | H59: 0.6948 | I59: 0.4012 | J59: 0.8687 | K59: 0.4205 | L59: =1-(1-Mecanismos!B2)*(1-C59) | M59: =Mecanismos!B7*D59 | N59: =Mecanismos!B4*(1-E59) | O59: =Mecanismos!B5*(1-F59) | P59: =Mecanismos!B6*(1-I59) | Q59: =Mecanismos!B9*(1-G59) | R59: =Mecanismos!B9*(1-J59) | S59: =Mecanismos!B8*H59 | T59: =Mecanismos!B10*H59 | U59: =Mecanismos!B8*K59 | V59: =Mecanismos!B3*D59 | W59: =Parametros!B2+Parametros!B4*(S59+T59+U59+V59)-Parametros!B3*(L59+M59+N59+O59+P59+Q59+R59) | X59: =1/(1+EXP(-W59)) | Y59: =IF(Parametros!B6=1,0.15+0.85*(1/(1+EXP(-8*((1-N59)-0.45)))),1) | Z59: =IF(Parametros!B7=1,MAX(0.05,1-L59^1.6),1) | AA59: =IF(Parametros!B8=1,0.2+0.8*(1/(1+EXP(-9*(S59-0.25)))),1) | AB59: =X59*Y59*Z59*AA59
A60: jtodc9 | B60: Aylla Pastor | C60: 0.5399 | D60: 0.5531 | E60: 0.4066 | F60: 0.246 | G60: 0.5345 | H60: 0.6562 | I60: 0.6801 | J60: 0.8692 | K60: 0.7358 | L60: =1-(1-Mecanismos!B2)*(1-C60) | M60: =Mecanismos!B7*D60 | N60: =Mecanismos!B4*(1-E60) | O60: =Mecanismos!B5*(1-F60) | P60: =Mecanismos!B6*(1-I60) | Q60: =Mecanismos!B9*(1-G60) | R60: =Mecanismos!B9*(1-J60) | S60: =Mecanismos!B8*H60 | T60: =Mecanismos!B10*H60 | U60: =Mecanismos!B8*K60 | V60: =Mecanismos!B3*D60 | W60: =Parametros!B2+Parametros!B4*(S60+T60+U60+V60)-Parametros!B3*(L60+M60+N60+O60+P60+Q60+R60) | X60: =1/(1+EXP(-W60)) | Y60: =IF(Parametros!B6=1,0.15+0.85*(1/(1+EXP(-8*((1-N60)-0.45)))),1) | Z60: =IF(Parametros!B7=1,MAX(0.05,1-L60^1.6),1) | AA60: =IF(Parametros!B8=1,0.2+0.8*(1/(1+EXP(-9*(S60-0.25)))),1) | AB60: =X60*Y60*Z60*AA60
A61: m0l98u | B61: Beatriz Duarte | C61: 0.4425 | D61: 0.2935 | E61: 0.7884 | F61: 0.3982 | G61: 0.4403 | H61: 0.7941 | I61: 0.2815 | J61: 0.8022 | K61: 0.8218 | L61: =1-(1-Mecanismos!B2)*(1-C61) | M61: =Mecanismos!B7*D61 | N61: =Mecanismos!B4*(1-E61) | O61: =Mecanismos!B5*(1-F61) | P61: =Mecanismos!B6*(1-I61) | Q61: =Mecanismos!B9*(1-G61) | R61: =Mecanismos!B9*(1-J61) | S61: =Mecanismos!B8*H61 | T61: =Mecanismos!B10*H61 | U61: =Mecanismos!B8*K61 | V61: =Mecanismos!B3*D61 | W61: =Parametros!B2+Parametros!B4*(S61+T61+U61+V61)-Parametros!B3*(L61+M61+N61+O61+P61+Q61+R61) | X61: =1/(1+EXP(-W61)) | Y61: =IF(Parametros!B6=1,0.15+0.85*(1/(1+EXP(-8*((1-N61)-0.45)))),1) | Z61: =IF(Parametros!B7=1,MAX(0.05,1-L61^1.6),1) | AA61: =IF(Parametros!B8=1,0.2+0.8*(1/(1+EXP(-9*(S61-0.25)))),1) | AB61: =X61*Y61*Z61*AA61
A62: 4g4cap | B62: Bella Duarte | C62: 0.4366 | D62: 0.4693 | E62: 0.6048 | F62: 0.5263 | G62: 0.5856 | H62: 0.5259 | I62: 0.5512 | J62: 0.8067 | K62: 0.2671 | L62: =1-(1-Mecanismos!B2)*(1-C62) | M62: =Mecanismos!B7*D62 | N62: =Mecanismos!B4*(1-E62) | O62: =Mecanismos!B5*(1-F62) | P62: =Mecanismos!B6*(1-I62) | Q62: =Mecanismos!B9*(1-G62) | R62: =Mecanismos!B9*(1-J62) | S62: =Mecanismos!B8*H62 | T62: =Mecanismos!B10*H62 | U62: =Mecanismos!B8*K62 | V62: =Mecanismos!B3*D62 | W62: =Parametros!B2+Parametros!B4*(S62+T62+U62+V62)-Parametros!B3*(L62+M62+N62+O62+P62+Q62+R62) | X62: =1/(1+EXP(-W62)) | Y62: =IF(Parametros!B6=1,0.15+0.85*(1/(1+EXP(-8*((1-N62)-0.45)))),1) | Z62: =IF(Parametros!B7=1,MAX(0.05,1-L62^1.6),1) | AA62: =IF(Parametros!B8=1,0.2+0.8*(1/(1+EXP(-9*(S62-0.25)))),1) | AB62: =X62*Y62*Z62*AA62
A63: q2he40 | B63: Bella Fernandes | C63: 0.6031 | D63: 0.5664 | E63: 0.3789 | F63: 0.7275 | G63: 0.4191 | H63: 0.465 | I63: 0.3478 | J63: 0.8249 | K63: 0.4018 | L63: =1-(1-Mecanismos!B2)*(1-C63) | M63: =Mecanismos!B7*D63 | N63: =Mecanismos!B4*(1-E63) | O63: =Mecanismos!B5*(1-F63) | P63: =Mecanismos!B6*(1-I63) | Q63: =Mecanismos!B9*(1-G63) | R63: =Mecanismos!B9*(1-J63) | S63: =Mecanismos!B8*H63 | T63: =Mecanismos!B10*H63 | U63: =Mecanismos!B8*K63 | V63: =Mecanismos!B3*D63 | W63: =Parametros!B2+Parametros!B4*(S63+T63+U63+V63)-Parametros!B3*(L63+M63+N63+O63+P63+Q63+R63) | X63: =1/(1+EXP(-W63)) | Y63: =IF(Parametros!B6=1,0.15+0.85*(1/(1+EXP(-8*((1-N63)-0.45)))),1) | Z63: =IF(Parametros!B7=1,MAX(0.05,1-L63^1.6),1) | AA63: =IF(Parametros!B8=1,0.2+0.8*(1/(1+EXP(-9*(S63-0.25)))),1) | AB63: =X63*Y63*Z63*AA63
A64: c66tnq | B64: Bella da Rocha | C64: 0.8492 | D64: 0.4404 | E64: 0.5409 | F64: 0.5267 | G64: 0.5116 | H64: 0.2897 | I64: 0.1144 | J64: 0.8054 | K64: 0.5792 | L64: =1-(1-Mecanismos!B2)*(1-C64) | M64: =Mecanismos!B7*D64 | N64: =Mecanismos!B4*(1-E64) | O64: =Mecanismos!B5*(1-F64) | P64: =Mecanismos!B6*(1-I64) | Q64: =Mecanismos!B9*(1-G64) | R64: =Mecanismos!B9*(1-J64) | S64: =Mecanismos!B8*H64 | T64: =Mecanismos!B10*H64 | U64: =Mecanismos!B8*K64 | V64: =Mecanismos!B3*D64 | W64: =Parametros!B2+Parametros!B4*(S64+T64+U64+V64)-Parametros!B3*(L64+M64+N64+O64+P64+Q64+R64) | X64: =1/(1+EXP(-W64)) | Y64: =IF(Parametros!B6=1,0.15+0.85*(1/(1+EXP(-8*((1-N64)-0.45)))),1) | Z64: =IF(Parametros!B7=1,MAX(0.05,1-L64^1.6),1) | AA64: =IF(Parametros!B8=1,0.2+0.8*(1/(1+EXP(-9*(S64-0.25)))),1) | AB64: =X64*Y64*Z64*AA64
A65: e507xq | B65: Benjamim Pimenta | C65: 0.4397 | D65: 0.6955 | E65: 0.3442 | F65: 0.5955 | G65: 0.5146 | H65: 0.4407 | I65: 0.3251 | J65: 0.5515 | K65: 0.2201 | L65: =1-(1-Mecanismos!B2)*(1-C65) | M65: =Mecanismos!B7*D65 | N65: =Mecanismos!B4*(1-E65) | O65: =Mecanismos!B5*(1-F65) | P65: =Mecanismos!B6*(1-I65) | Q65: =Mecanismos!B9*(1-G65) | R65: =Mecanismos!B9*(1-J65) | S65: =Mecanismos!B8*H65 | T65: =Mecanismos!B10*H65 | U65: =Mecanismos!B8*K65 | V65: =Mecanismos!B3*D65 | W65: =Parametros!B2+Parametros!B4*(S65+T65+U65+V65)-Parametros!B3*(L65+M65+N65+O65+P65+Q65+R65) | X65: =1/(1+EXP(-W65)) | Y65: =IF(Parametros!B6=1,0.15+0.85*(1/(1+EXP(-8*((1-N65)-0.45)))),1) | Z65: =IF(Parametros!B7=1,MAX(0.05,1-L65^1.6),1) | AA65: =IF(Parametros!B8=1,0.2+0.8*(1/(1+EXP(-9*(S65-0.25)))),1) | AB65: =X65*Y65*Z65*AA65
A66: j8uo0a | B66: Benjamim Rodrigues | C66: 0.5646 | D66: 0.4506 | E66: 0.7208 | F66: 0.5469 | G66: 0.4304 | H66: 0.4269 | I66: 0.2166 | J66: 0.8976 | K66: 0.3546 | L66: =1-(1-Mecanismos!B2)*(1-C66) | M66: =Mecanismos!B7*D66 | N66: =Mecanismos!B4*(1-E66) | O66: =Mecanismos!B5*(1-F66) | P66: =Mecanismos!B6*(1-I66) | Q66: =Mecanismos!B9*(1-G66) | R66: =Mecanismos!B9*(1-J66) | S66: =Mecanismos!B8*H66 | T66: =Mecanismos!B10*H66 | U66: =Mecanismos!B8*K66 | V66: =Mecanismos!B3*D66 | W66: =Parametros!B2+Parametros!B4*(S66+T66+U66+V66)-Parametros!B3*(L66+M66+N66+O66+P66+Q66+R66) | X66: =1/(1+EXP(-W66)) | Y66: =IF(Parametros!B6=1,0.15+0.85*(1/(1+EXP(-8*((1-N66)-0.45)))),1) | Z66: =IF(Parametros!B7=1,MAX(0.05,1-L66^1.6),1) | AA66: =IF(Parametros!B8=1,0.2+0.8*(1/(1+EXP(-9*(S66-0.25)))),1) | AB66: =X66*Y66*Z66*AA66
A67: mjuams | B67: Benjamim Vargas | C67: 0.5752 | D67: 0.4696 | E67: 0.4946 | F67: 0.5761 | G67: 0.4711 | H67: 0.6277 | I67: 0.6963 | J67: 0.9735 | K67: 0.83 | L67: =1-(1-Mecanismos!B2)*(1-C67) | M67: =Mecanismos!B7*D67 | N67: =Mecanismos!B4*(1-E67) | O67: =Mecanismos!B5*(1-F67) | P67: =Mecanismos!B6*(1-I67) | Q67: =Mecanismos!B9*(1-G67) | R67: =Mecanismos!B9*(1-J67) | S67: =Mecanismos!B8*H67 | T67: =Mecanismos!B10*H67 | U67: =Mecanismos!B8*K67 | V67: =Mecanismos!B3*D67 | W67: =Parametros!B2+Parametros!B4*(S67+T67+U67+V67)-Parametros!B3*(L67+M67+N67+O67+P67+Q67+R67) | X67: =1/(1+EXP(-W67)) | Y67: =IF(Parametros!B6=1,0.15+0.85*(1/(1+EXP(-8*((1-N67)-0.45)))),1) | Z67: =IF(Parametros!B7=1,MAX(0.05,1-L67^1.6),1) | AA67: =IF(Parametros!B8=1,0.2+0.8*(1/(1+EXP(-9*(S67-0.25)))),1) | AB67: =X67*Y67*Z67*AA67
A68: 1gcrjr | B68: Bento Fogaça | C68: 0.6694 | D68: 0.6328 | E68: 0.2894 | F68: 0.7491 | G68: 0.5049 | H68: 0.4768 | I68: 0.3029 | J68: 0.9205 | K68: 0.5957 | L68: =1-(1-Mecanismos!B2)*(1-C68) | M68: =Mecanismos!B7*D68 | N68: =Mecanismos!B4*(1-E68) | O68: =Mecanismos!B5*(1-F68) | P68: =Mecanismos!B6*(1-I68) | Q68: =Mecanismos!B9*(1-G68) | R68: =Mecanismos!B9*(1-J68) | S68: =Mecanismos!B8*H68 | T68: =Mecanismos!B10*H68 | U68: =Mecanismos!B8*K68 | V68: =Mecanismos!B3*D68 | W68: =Parametros!B2+Parametros!B4*(S68+T68+U68+V68)-Parametros!B3*(L68+M68+N68+O68+P68+Q68+R68) | X68: =1/(1+EXP(-W68)) | Y68: =IF(Parametros!B6=1,0.15+0.85*(1/(1+EXP(-8*((1-N68)-0.45)))),1) | Z68: =IF(Parametros!B7=1,MAX(0.05,1-L68^1.6),1) | AA68: =IF(Parametros!B8=1,0.2+0.8*(1/(1+EXP(-9*(S68-0.25)))),1) | AB68: =X68*Y68*Z68*AA68
A69: uw3p6q | B69: Bernardo Guerra | C69: 0.5003 | D69: 0.5291 | E69: 0.5564 | F69: 0.553 | G69: 0.2178 | H69: 0.4522 | I69: 0.6218 | J69: 0.7931 | K69: 0.7315 | L69: =1-(1-Mecanismos!B2)*(1-C69) | M69: =Mecanismos!B7*D69 | N69: =Mecanismos!B4*(1-E69) | O69: =Mecanismos!B5*(1-F69) | P69: =Mecanismos!B6*(1-I69) | Q69: =Mecanismos!B9*(1-G69) | R69: =Mecanismos!B9*(1-J69) | S69: =Mecanismos!B8*H69 | T69: =Mecanismos!B10*H69 | U69: =Mecanismos!B8*K69 | V69: =Mecanismos!B3*D69 | W69: =Parametros!B2+Parametros!B4*(S69+T69+U69+V69)-Parametros!B3*(L69+M69+N69+O69+P69+Q69+R69) | X69: =1/(1+EXP(-W69)) | Y69: =IF(Parametros!B6=1,0.15+0.85*(1/(1+EXP(-8*((1-N69)-0.45)))),1) | Z69: =IF(Parametros!B7=1,MAX(0.05,1-L69^1.6),1) | AA69: =IF(Parametros!B8=1,0.2+0.8*(1/(1+EXP(-9*(S69-0.25)))),1) | AB69: =X69*Y69*Z69*AA69
A70: aiecp9 | B70: Bernardo Rezende | C70: 0.499 | D70: 0.5974 | E70: 0.4018 | F70: 0.3706 | G70: 0.415 | H70: 0.6623 | I70: 0.5005 | J70: 0.8841 | K70: 0.7874 | L70: =1-(1-Mecanismos!B2)*(1-C70) | M70: =Mecanismos!B7*D70 | N70: =Mecanismos!B4*(1-E70) | O70: =Mecanismos!B5*(1-F70) | P70: =Mecanismos!B6*(1-I70) | Q70: =Mecanismos!B9*(1-G70) | R70: =Mecanismos!B9*(1-J70) | S70: =Mecanismos!B8*H70 | T70: =Mecanismos!B10*H70 | U70: =Mecanismos!B8*K70 | V70: =Mecanismos!B3*D70 | W70: =Parametros!B2+Parametros!B4*(S70+T70+U70+V70)-Parametros!B3*(L70+M70+N70+O70+P70+Q70+R70) | X70: =1/(1+EXP(-W70)) | Y70: =IF(Parametros!B6=1,0.15+0.85*(1/(1+EXP(-8*((1-N70)-0.45)))),1) | Z70: =IF(Parametros!B7=1,MAX(0.05,1-L70^1.6),1) | AA70: =IF(Parametros!B8=1,0.2+0.8*(1/(1+EXP(-9*(S70-0.25)))),1) | AB70: =X70*Y70*Z70*AA70
A71: uc3o01 | B71: Bernardo Souza | C71: 0.4627 | D71: 0.4897 | E71: 0.5142 | F71: 0.2564 | G71: 0.2324 | H71: 0.771 | I71: 0.3676 | J71: 0.565 | K71: 0.6798 | L71: =1-(1-Mecanismos!B2)*(1-C71) | M71: =Mecanismos!B7*D71 | N71: =Mecanismos!B4*(1-E71) | O71: =Mecanismos!B5*(1-F71) | P71: =Mecanismos!B6*(1-I71) | Q71: =Mecanismos!B9*(1-G71) | R71: =Mecanismos!B9*(1-J71) | S71: =Mecanismos!B8*H71 | T71: =Mecanismos!B10*H71 | U71: =Mecanismos!B8*K71 | V71: =Mecanismos!B3*D71 | W71: =Parametros!B2+Parametros!B4*(S71+T71+U71+V71)-Parametros!B3*(L71+M71+N71+O71+P71+Q71+R71) | X71: =1/(1+EXP(-W71)) | Y71: =IF(Parametros!B6=1,0.15+0.85*(1/(1+EXP(-8*((1-N71)-0.45)))),1) | Z71: =IF(Parametros!B7=1,MAX(0.05,1-L71^1.6),1) | AA71: =IF(Parametros!B8=1,0.2+0.8*(1/(1+EXP(-9*(S71-0.25)))),1) | AB71: =X71*Y71*Z71*AA71
A72: 757zng | B72: Bianca Correia | C72: 0.5551 | D72: 0.4049 | E72: 0.7881 | F72: 0.9225 | G72: 0.36 | H72: 0.7768 | I72: 0.6932 | J72: 0.7195 | K72: 0.7071 | L72: =1-(1-Mecanismos!B2)*(1-C72) | M72: =Mecanismos!B7*D72 | N72: =Mecanismos!B4*(1-E72) | O72: =Mecanismos!B5*(1-F72) | P72: =Mecanismos!B6*(1-I72) | Q72: =Mecanismos!B9*(1-G72) | R72: =Mecanismos!B9*(1-J72) | S72: =Mecanismos!B8*H72 | T72: =Mecanismos!B10*H72 | U72: =Mecanismos!B8*K72 | V72: =Mecanismos!B3*D72 | W72: =Parametros!B2+Parametros!B4*(S72+T72+U72+V72)-Parametros!B3*(L72+M72+N72+O72+P72+Q72+R72) | X72: =1/(1+EXP(-W72)) | Y72: =IF(Parametros!B6=1,0.15+0.85*(1/(1+EXP(-8*((1-N72)-0.45)))),1) | Z72: =IF(Parametros!B7=1,MAX(0.05,1-L72^1.6),1) | AA72: =IF(Parametros!B8=1,0.2+0.8*(1/(1+EXP(-9*(S72-0.25)))),1) | AB72: =X72*Y72*Z72*AA72
A73: hlyspf | B73: Bianca Jesus | C73: 0.5576 | D73: 0.5535 | E73: 0.3685 | F73: 0.7265 | G73: 0.2852 | H73: 0.7356 | I73: 0.4911 | J73: 0.5998 | K73: 0.7056 | L73: =1-(1-Mecanismos!B2)*(1-C73) | M73: =Mecanismos!B7*D73 | N73: =Mecanismos!B4*(1-E73) | O73: =Mecanismos!B5*(1-F73) | P73: =Mecanismos!B6*(1-I73) | Q73: =Mecanismos!B9*(1-G73) | R73: =Mecanismos!B9*(1-J73) | S73: =Mecanismos!B8*H73 | T73: =Mecanismos!B10*H73 | U73: =Mecanismos!B8*K73 | V73: =Mecanismos!B3*D73 | W73: =Parametros!B2+Parametros!B4*(S73+T73+U73+V73)-Parametros!B3*(L73+M73+N73+O73+P73+Q73+R73) | X73: =1/(1+EXP(-W73)) | Y73: =IF(Parametros!B6=1,0.15+0.85*(1/(1+EXP(-8*((1-N73)-0.45)))),1) | Z73: =IF(Parametros!B7=1,MAX(0.05,1-L73^1.6),1) | AA73: =IF(Parametros!B8=1,0.2+0.8*(1/(1+EXP(-9*(S73-0.25)))),1) | AB73: =X73*Y73*Z73*AA73
A74: zw8unn | B74: Bianca Viana | C74: 0.4631 | D74: 0.3141 | E74: 0.5166 | F74: 0.6084 | G74: 0.6421 | H74: 0.5641 | I74: 0.875 | J74: 0.7994 | K74: 0.4664 | L74: =1-(1-Mecanismos!B2)*(1-C74) | M74: =Mecanismos!B7*D74 | N74: =Mecanismos!B4*(1-E74) | O74: =Mecanismos!B5*(1-F74) | P74: =Mecanismos!B6*(1-I74) | Q74: =Mecanismos!B9*(1-G74) | R74: =Mecanismos!B9*(1-J74) | S74: =Mecanismos!B8*H74 | T74: =Mecanismos!B10*H74 | U74: =Mecanismos!B8*K74 | V74: =Mecanismos!B3*D74 | W74: =Parametros!B2+Parametros!B4*(S74+T74+U74+V74)-Parametros!B3*(L74+M74+N74+O74+P74+Q74+R74) | X74: =1/(1+EXP(-W74)) | Y74: =IF(Parametros!B6=1,0.15+0.85*(1/(1+EXP(-8*((1-N74)-0.45)))),1) | Z74: =IF(Parametros!B7=1,MAX(0.05,1-L74^1.6),1) | AA74: =IF(Parametros!B8=1,0.2+0.8*(1/(1+EXP(-9*(S74-0.25)))),1) | AB74: =X74*Y74*Z74*AA74
A75: 18lpo7 | B75: Bianca da Mota | C75: 0.4275 | D75: 0.5012 | E75: 0.2771 | F75: 0.7087 | G75: 0.2936 | H75: 0.8148 | I75: 0.6964 | J75: 0.7787 | K75: 0.3737 | L75: =1-(1-Mecanismos!B2)*(1-C75) | M75: =Mecanismos!B7*D75 | N75: =Mecanismos!B4*(1-E75) | O75: =Mecanismos!B5*(1-F75) | P75: =Mecanismos!B6*(1-I75) | Q75: =Mecanismos!B9*(1-G75) | R75: =Mecanismos!B9*(1-J75) | S75: =Mecanismos!B8*H75 | T75: =Mecanismos!B10*H75 | U75: =Mecanismos!B8*K75 | V75: =Mecanismos!B3*D75 | W75: =Parametros!B2+Parametros!B4*(S75+T75+U75+V75)-Parametros!B3*(L75+M75+N75+O75+P75+Q75+R75) | X75: =1/(1+EXP(-W75)) | Y75: =IF(Parametros!B6=1,0.15+0.85*(1/(1+EXP(-8*((1-N75)-0.45)))),1) | Z75: =IF(Parametros!B7=1,MAX(0.05,1-L75^1.6),1) | AA75: =IF(Parametros!B8=1,0.2+0.8*(1/(1+EXP(-9*(S75-0.25)))),1) | AB75: =X75*Y75*Z75*AA75
A76: w7g3d0 | B76: Brayan Pinto | C76: 0.5726 | D76: 0.5263 | E76: 0.4389 | F76: 0.6894 | G76: 0.4454 | H76: 0.8277 | I76: 0.4756 | J76: 0.8599 | K76: 0.1664 | L76: =1-(1-Mecanismos!B2)*(1-C76) | M76: =Mecanismos!B7*D76 | N76: =Mecanismos!B4*(1-E76) | O76: =Mecanismos!B5*(1-F76) | P76: =Mecanismos!B6*(1-I76) | Q76: =Mecanismos!B9*(1-G76) | R76: =Mecanismos!B9*(1-J76) | S76: =Mecanismos!B8*H76 | T76: =Mecanismos!B10*H76 | U76: =Mecanismos!B8*K76 | V76: =Mecanismos!B3*D76 | W76: =Parametros!B2+Parametros!B4*(S76+T76+U76+V76)-Parametros!B3*(L76+M76+N76+O76+P76+Q76+R76) | X76: =1/(1+EXP(-W76)) | Y76: =IF(Parametros!B6=1,0.15+0.85*(1/(1+EXP(-8*((1-N76)-0.45)))),1) | Z76: =IF(Parametros!B7=1,MAX(0.05,1-L76^1.6),1) | AA76: =IF(Parametros!B8=1,0.2+0.8*(1/(1+EXP(-9*(S76-0.25)))),1) | AB76: =X76*Y76*Z76*AA76
A77: zb3c3d | B77: Brayan Rezende | C77: 0.7187 | D77: 0.7117 | E77: 0.544 | F77: 0.8307 | G77: 0.3696 | H77: 0.525 | I77: 0.7005 | J77: 0.8403 | K77: 0.8768 | L77: =1-(1-Mecanismos!B2)*(1-C77) | M77: =Mecanismos!B7*D77 | N77: =Mecanismos!B4*(1-E77) | O77: =Mecanismos!B5*(1-F77) | P77: =Mecanismos!B6*(1-I77) | Q77: =Mecanismos!B9*(1-G77) | R77: =Mecanismos!B9*(1-J77) | S77: =Mecanismos!B8*H77 | T77: =Mecanismos!B10*H77 | U77: =Mecanismos!B8*K77 | V77: =Mecanismos!B3*D77 | W77: =Parametros!B2+Parametros!B4*(S77+T77+U77+V77)-Parametros!B3*(L77+M77+N77+O77+P77+Q77+R77) | X77: =1/(1+EXP(-W77)) | Y77: =IF(Parametros!B6=1,0.15+0.85*(1/(1+EXP(-8*((1-N77)-0.45)))),1) | Z77: =IF(Parametros!B7=1,MAX(0.05,1-L77^1.6),1) | AA77: =IF(Parametros!B8=1,0.2+0.8*(1/(1+EXP(-9*(S77-0.25)))),1) | AB77: =X77*Y77*Z77*AA77
A78: fz55xj | B78: Bruna Cunha | C78: 0.55 | D78: 0.6557 | E78: 0.6407 | F78: 0.2548 | G78: 0.3511 | H78: 0.6934 | I78: 0.2947 | J78: 0.6578 | K78: 0.7277 | L78: =1-(1-Mecanismos!B2)*(1-C78) | M78: =Mecanismos!B7*D78 | N78: =Mecanismos!B4*(1-E78) | O78: =Mecanismos!B5*(1-F78) | P78: =Mecanismos!B6*(1-I78) | Q78: =Mecanismos!B9*(1-G78) | R78: =Mecanismos!B9*(1-J78) | S78: =Mecanismos!B8*H78 | T78: =Mecanismos!B10*H78 | U78: =Mecanismos!B8*K78 | V78: =Mecanismos!B3*D78 | W78: =Parametros!B2+Parametros!B4*(S78+T78+U78+V78)-Parametros!B3*(L78+M78+N78+O78+P78+Q78+R78) | X78: =1/(1+EXP(-W78)) | Y78: =IF(Parametros!B6=1,0.15+0.85*(1/(1+EXP(-8*((1-N78)-0.45)))),1) | Z78: =IF(Parametros!B7=1,MAX(0.05,1-L78^1.6),1) | AA78: =IF(Parametros!B8=1,0.2+0.8*(1/(1+EXP(-9*(S78-0.25)))),1) | AB78: =X78*Y78*Z78*AA78
A79: ipkvx4 | B79: Bruna Guerra | C79: 0.6011 | D79: 0.5718 | E79: 0.6678 | F79: 0.5492 | G79: 0.5392 | H79: 0.5128 | I79: 0.5274 | J79: 0.7826 | K79: 0.5577 | L79: =1-(1-Mecanismos!B2)*(1-C79) | M79: =Mecanismos!B7*D79 | N79: =Mecanismos!B4*(1-E79) | O79: =Mecanismos!B5*(1-F79) | P79: =Mecanismos!B6*(1-I79) | Q79: =Mecanismos!B9*(1-G79) | R79: =Mecanismos!B9*(1-J79) | S79: =Mecanismos!B8*H79 | T79: =Mecanismos!B10*H79 | U79: =Mecanismos!B8*K79 | V79: =Mecanismos!B3*D79 | W79: =Parametros!B2+Parametros!B4*(S79+T79+U79+V79)-Parametros!B3*(L79+M79+N79+O79+P79+Q79+R79) | X79: =1/(1+EXP(-W79)) | Y79: =IF(Parametros!B6=1,0.15+0.85*(1/(1+EXP(-8*((1-N79)-0.45)))),1) | Z79: =IF(Parametros!B7=1,MAX(0.05,1-L79^1.6),1) | AA79: =IF(Parametros!B8=1,0.2+0.8*(1/(1+EXP(-9*(S79-0.25)))),1) | AB79: =X79*Y79*Z79*AA79
A80: gb5ppk | B80: Bruna Mendonça | C80: 0.5989 | D80: 0.6627 | E80: 0.6082 | F80: 0.5021 | G80: 0.5821 | H80: 0.7409 | I80: 0.5167 | J80: 0.5891 | K80: 0.8393 | L80: =1-(1-Mecanismos!B2)*(1-C80) | M80: =Mecanismos!B7*D80 | N80: =Mecanismos!B4*(1-E80) | O80: =Mecanismos!B5*(1-F80) | P80: =Mecanismos!B6*(1-I80) | Q80: =Mecanismos!B9*(1-G80) | R80: =Mecanismos!B9*(1-J80) | S80: =Mecanismos!B8*H80 | T80: =Mecanismos!B10*H80 | U80: =Mecanismos!B8*K80 | V80: =Mecanismos!B3*D80 | W80: =Parametros!B2+Parametros!B4*(S80+T80+U80+V80)-Parametros!B3*(L80+M80+N80+O80+P80+Q80+R80) | X80: =1/(1+EXP(-W80)) | Y80: =IF(Parametros!B6=1,0.15+0.85*(1/(1+EXP(-8*((1-N80)-0.45)))),1) | Z80: =IF(Parametros!B7=1,MAX(0.05,1-L80^1.6),1) | AA80: =IF(Parametros!B8=1,0.2+0.8*(1/(1+EXP(-9*(S80-0.25)))),1) | AB80: =X80*Y80*Z80*AA80
A81: 2rb586 | B81: Bruna Rezende | C81: 0.536 | D81: 0.5769 | E81: 0.4954 | F81: 0.7013 | G81: 0.5529 | H81: 0.7091 | I81: 0.7494 | J81: 0.7833 | K81: 0.8508 | L81: =1-(1-Mecanismos!B2)*(1-C81) | M81: =Mecanismos!B7*D81 | N81: =Mecanismos!B4*(1-E81) | O81: =Mecanismos!B5*(1-F81) | P81: =Mecanismos!B6*(1-I81) | Q81: =Mecanismos!B9*(1-G81) | R81: =Mecanismos!B9*(1-J81) | S81: =Mecanismos!B8*H81 | T81: =Mecanismos!B10*H81 | U81: =Mecanismos!B8*K81 | V81: =Mecanismos!B3*D81 | W81: =Parametros!B2+Parametros!B4*(S81+T81+U81+V81)-Parametros!B3*(L81+M81+N81+O81+P81+Q81+R81) | X81: =1/(1+EXP(-W81)) | Y81: =IF(Parametros!B6=1,0.15+0.85*(1/(1+EXP(-8*((1-N81)-0.45)))),1) | Z81: =IF(Parametros!B7=1,MAX(0.05,1-L81^1.6),1) | AA81: =IF(Parametros!B8=1,0.2+0.8*(1/(1+EXP(-9*(S81-0.25)))),1) | AB81: =X81*Y81*Z81*AA81
A82: 60hzby | B82: Bruno Lima | C82: 0.4378 | D82: 0.6579 | E82: 0.3234 | F82: 0.8492 | G82: 0.5874 | H82: 0.4569 | I82: 0.309 | J82: 0.8037 | K82: 0.8635 | L82: =1-(1-Mecanismos!B2)*(1-C82) | M82: =Mecanismos!B7*D82 | N82: =Mecanismos!B4*(1-E82) | O82: =Mecanismos!B5*(1-F82) | P82: =Mecanismos!B6*(1-I82) | Q82: =Mecanismos!B9*(1-G82) | R82: =Mecanismos!B9*(1-J82) | S82: =Mecanismos!B8*H82 | T82: =Mecanismos!B10*H82 | U82: =Mecanismos!B8*K82 | V82: =Mecanismos!B3*D82 | W82: =Parametros!B2+Parametros!B4*(S82+T82+U82+V82)-Parametros!B3*(L82+M82+N82+O82+P82+Q82+R82) | X82: =1/(1+EXP(-W82)) | Y82: =IF(Parametros!B6=1,0.15+0.85*(1/(1+EXP(-8*((1-N82)-0.45)))),1) | Z82: =IF(Parametros!B7=1,MAX(0.05,1-L82^1.6),1) | AA82: =IF(Parametros!B8=1,0.2+0.8*(1/(1+EXP(-9*(S82-0.25)))),1) | AB82: =X82*Y82*Z82*AA82
A83: wdtwyi | B83: Bryan Siqueira | C83: 0.5896 | D83: 0.6908 | E83: 0.6817 | F83: 0.558 | G83: 0.3712 | H83: 0.6473 | I83: 0.7105 | J83: 0.8292 | K83: 0.9438 | L83: =1-(1-Mecanismos!B2)*(1-C83) | M83: =Mecanismos!B7*D83 | N83: =Mecanismos!B4*(1-E83) | O83: =Mecanismos!B5*(1-F83) | P83: =Mecanismos!B6*(1-I83) | Q83: =Mecanismos!B9*(1-G83) | R83: =Mecanismos!B9*(1-J83) | S83: =Mecanismos!B8*H83 | T83: =Mecanismos!B10*H83 | U83: =Mecanismos!B8*K83 | V83: =Mecanismos!B3*D83 | W83: =Parametros!B2+Parametros!B4*(S83+T83+U83+V83)-Parametros!B3*(L83+M83+N83+O83+P83+Q83+R83) | X83: =1/(1+EXP(-W83)) | Y83: =IF(Parametros!B6=1,0.15+0.85*(1/(1+EXP(-8*((1-N83)-0.45)))),1) | Z83: =IF(Parametros!B7=1,MAX(0.05,1-L83^1.6),1) | AA83: =IF(Parametros!B8=1,0.2+0.8*(1/(1+EXP(-9*(S83-0.25)))),1) | AB83: =X83*Y83*Z83*AA83
A84: m3601h | B84: Bárbara Macedo | C84: 0.2959 | D84: 0.5157 | E84: 0.6464 | F84: 0.4625 | G84: 0.3897 | H84: 0.5732 | I84: 0.4214 | J84: 0.8511 | K84: 0.6679 | L84: =1-(1-Mecanismos!B2)*(1-C84) | M84: =Mecanismos!B7*D84 | N84: =Mecanismos!B4*(1-E84) | O84: =Mecanismos!B5*(1-F84) | P84: =Mecanismos!B6*(1-I84) | Q84: =Mecanismos!B9*(1-G84) | R84: =Mecanismos!B9*(1-J84) | S84: =Mecanismos!B8*H84 | T84: =Mecanismos!B10*H84 | U84: =Mecanismos!B8*K84 | V84: =Mecanismos!B3*D84 | W84: =Parametros!B2+Parametros!B4*(S84+T84+U84+V84)-Parametros!B3*(L84+M84+N84+O84+P84+Q84+R84) | X84: =1/(1+EXP(-W84)) | Y84: =IF(Parametros!B6=1,0.15+0.85*(1/(1+EXP(-8*((1-N84)-0.45)))),1) | Z84: =IF(Parametros!B7=1,MAX(0.05,1-L84^1.6),1) | AA84: =IF(Parametros!B8=1,0.2+0.8*(1/(1+EXP(-9*(S84-0.25)))),1) | AB84: =X84*Y84*Z84*AA84
A85: pwky6k | B85: Caio Garcia | C85: 0.6149 | D85: 0.532 | E85: 0.4742 | F85: 0.2674 | G85: 0.3429 | H85: 0.7849 | I85: 0.5993 | J85: 0.7576 | K85: 0.5445 | L85: =1-(1-Mecanismos!B2)*(1-C85) | M85: =Mecanismos!B7*D85 | N85: =Mecanismos!B4*(1-E85) | O85: =Mecanismos!B5*(1-F85) | P85: =Mecanismos!B6*(1-I85) | Q85: =Mecanismos!B9*(1-G85) | R85: =Mecanismos!B9*(1-J85) | S85: =Mecanismos!B8*H85 | T85: =Mecanismos!B10*H85 | U85: =Mecanismos!B8*K85 | V85: =Mecanismos!B3*D85 | W85: =Parametros!B2+Parametros!B4*(S85+T85+U85+V85)-Parametros!B3*(L85+M85+N85+O85+P85+Q85+R85) | X85: =1/(1+EXP(-W85)) | Y85: =IF(Parametros!B6=1,0.15+0.85*(1/(1+EXP(-8*((1-N85)-0.45)))),1) | Z85: =IF(Parametros!B7=1,MAX(0.05,1-L85^1.6),1) | AA85: =IF(Parametros!B8=1,0.2+0.8*(1/(1+EXP(-9*(S85-0.25)))),1) | AB85: =X85*Y85*Z85*AA85
A86: yagnmb | B86: Caio Nunes | C86: 0.706 | D86: 0.2249 | E86: 0.5227 | F86: 0.8026 | G86: 0.3962 | H86: 0.5404 | I86: 0.6263 | J86: 0.9125 | K86: 0.3084 | L86: =1-(1-Mecanismos!B2)*(1-C86) | M86: =Mecanismos!B7*D86 | N86: =Mecanismos!B4*(1-E86) | O86: =Mecanismos!B5*(1-F86) | P86: =Mecanismos!B6*(1-I86) | Q86: =Mecanismos!B9*(1-G86) | R86: =Mecanismos!B9*(1-J86) | S86: =Mecanismos!B8*H86 | T86: =Mecanismos!B10*H86 | U86: =Mecanismos!B8*K86 | V86: =Mecanismos!B3*D86 | W86: =Parametros!B2+Parametros!B4*(S86+T86+U86+V86)-Parametros!B3*(L86+M86+N86+O86+P86+Q86+R86) | X86: =1/(1+EXP(-W86)) | Y86: =IF(Parametros!B6=1,0.15+0.85*(1/(1+EXP(-8*((1-N86)-0.45)))),1) | Z86: =IF(Parametros!B7=1,MAX(0.05,1-L86^1.6),1) | AA86: =IF(Parametros!B8=1,0.2+0.8*(1/(1+EXP(-9*(S86-0.25)))),1) | AB86: =X86*Y86*Z86*AA86
A87: vr8zvb | B87: Caleb Barbosa | C87: 0.615 | D87: 0.5232 | E87: 0.4807 | F87: 0.4193 | G87: 0.4091 | H87: 0.5437 | I87: 0.7416 | J87: 0.9678 | K87: 0.3206 | L87: =1-(1-Mecanismos!B2)*(1-C87) | M87: =Mecanismos!B7*D87 | N87: =Mecanismos!B4*(1-E87) | O87: =Mecanismos!B5*(1-F87) | P87: =Mecanismos!B6*(1-I87) | Q87: =Mecanismos!B9*(1-G87) | R87: =Mecanismos!B9*(1-J87) | S87: =Mecanismos!B8*H87 | T87: =Mecanismos!B10*H87 | U87: =Mecanismos!B8*K87 | V87: =Mecanismos!B3*D87 | W87: =Parametros!B2+Parametros!B4*(S87+T87+U87+V87)-Parametros!B3*(L87+M87+N87+O87+P87+Q87+R87) | X87: =1/(1+EXP(-W87)) | Y87: =IF(Parametros!B6=1,0.15+0.85*(1/(1+EXP(-8*((1-N87)-0.45)))),1) | Z87: =IF(Parametros!B7=1,MAX(0.05,1-L87^1.6),1) | AA87: =IF(Parametros!B8=1,0.2+0.8*(1/(1+EXP(-9*(S87-0.25)))),1) | AB87: =X87*Y87*Z87*AA87
A88: 9lv9vq | B88: Caleb Pires | C88: 0.6977 | D88: 0.323 | E88: 0.5329 | F88: 0.5299 | G88: 0.2367 | H88: 0.6945 | I88: 0.3764 | J88: 0.4653 | K88: 0.3557 | L88: =1-(1-Mecanismos!B2)*(1-C88) | M88: =Mecanismos!B7*D88 | N88: =Mecanismos!B4*(1-E88) | O88: =Mecanismos!B5*(1-F88) | P88: =Mecanismos!B6*(1-I88) | Q88: =Mecanismos!B9*(1-G88) | R88: =Mecanismos!B9*(1-J88) | S88: =Mecanismos!B8*H88 | T88: =Mecanismos!B10*H88 | U88: =Mecanismos!B8*K88 | V88: =Mecanismos!B3*D88 | W88: =Parametros!B2+Parametros!B4*(S88+T88+U88+V88)-Parametros!B3*(L88+M88+N88+O88+P88+Q88+R88) | X88: =1/(1+EXP(-W88)) | Y88: =IF(Parametros!B6=1,0.15+0.85*(1/(1+EXP(-8*((1-N88)-0.45)))),1) | Z88: =IF(Parametros!B7=1,MAX(0.05,1-L88^1.6),1) | AA88: =IF(Parametros!B8=1,0.2+0.8*(1/(1+EXP(-9*(S88-0.25)))),1) | AB88: =X88*Y88*Z88*AA88
A89: 3arslw | B89: Caleb Porto | C89: 0.4982 | D89: 0.4401 | E89: 0.5642 | F89: 0.6239 | G89: 0.5297 | H89: 0.5241 | I89: 0.2044 | J89: 0.9386 | K89: 0.4796 | L89: =1-(1-Mecanismos!B2)*(1-C89) | M89: =Mecanismos!B7*D89 | N89: =Mecanismos!B4*(1-E89) | O89: =Mecanismos!B5*(1-F89) | P89: =Mecanismos!B6*(1-I89) | Q89: =Mecanismos!B9*(1-G89) | R89: =Mecanismos!B9*(1-J89) | S89: =Mecanismos!B8*H89 | T89: =Mecanismos!B10*H89 | U89: =Mecanismos!B8*K89 | V89: =Mecanismos!B3*D89 | W89: =Parametros!B2+Parametros!B4*(S89+T89+U89+V89)-Parametros!B3*(L89+M89+N89+O89+P89+Q89+R89) | X89: =1/(1+EXP(-W89)) | Y89: =IF(Parametros!B6=1,0.15+0.85*(1/(1+EXP(-8*((1-N89)-0.45)))),1) | Z89: =IF(Parametros!B7=1,MAX(0.05,1-L89^1.6),1) | AA89: =IF(Parametros!B8=1,0.2+0.8*(1/(1+EXP(-9*(S89-0.25)))),1) | AB89: =X89*Y89*Z89*AA89
A90: 35shgc | B90: Caleb Rezende | C90: 0.5741 | D90: 0.3855 | E90: 0.3431 | F90: 0.7887 | G90: 0.3343 | H90: 0.598 | I90: 0.4365 | J90: 0.6912 | K90: 0.5063 | L90: =1-(1-Mecanismos!B2)*(1-C90) | M90: =Mecanismos!B7*D90 | N90: =Mecanismos!B4*(1-E90) | O90: =Mecanismos!B5*(1-F90) | P90: =Mecanismos!B6*(1-I90) | Q90: =Mecanismos!B9*(1-G90) | R90: =Mecanismos!B9*(1-J90) | S90: =Mecanismos!B8*H90 | T90: =Mecanismos!B10*H90 | U90: =Mecanismos!B8*K90 | V90: =Mecanismos!B3*D90 | W90: =Parametros!B2+Parametros!B4*(S90+T90+U90+V90)-Parametros!B3*(L90+M90+N90+O90+P90+Q90+R90) | X90: =1/(1+EXP(-W90)) | Y90: =IF(Parametros!B6=1,0.15+0.85*(1/(1+EXP(-8*((1-N90)-0.45)))),1) | Z90: =IF(Parametros!B7=1,MAX(0.05,1-L90^1.6),1) | AA90: =IF(Parametros!B8=1,0.2+0.8*(1/(1+EXP(-9*(S90-0.25)))),1) | AB90: =X90*Y90*Z90*AA90
A91: 55hh8r | B91: Caleb Rodrigues | C91: 0.6433 | D91: 0.4399 | E91: 0.7596 | F91: 0.457 | G91: 0.3208 | H91: 0.4688 | I91: 0.1484 | J91: 0.7315 | K91: 0.4324 | L91: =1-(1-Mecanismos!B2)*(1-C91) | M91: =Mecanismos!B7*D91 | N91: =Mecanismos!B4*(1-E91) | O91: =Mecanismos!B5*(1-F91) | P91: =Mecanismos!B6*(1-I91) | Q91: =Mecanismos!B9*(1-G91) | R91: =Mecanismos!B9*(1-J91) | S91: =Mecanismos!B8*H91 | T91: =Mecanismos!B10*H91 | U91: =Mecanismos!B8*K91 | V91: =Mecanismos!B3*D91 | W91: =Parametros!B2+Parametros!B4*(S91+T91+U91+V91)-Parametros!B3*(L91+M91+N91+O91+P91+Q91+R91) | X91: =1/(1+EXP(-W91)) | Y91: =IF(Parametros!B6=1,0.15+0.85*(1/(1+EXP(-8*((1-N91)-0.45)))),1) | Z91: =IF(Parametros!B7=1,MAX(0.05,1-L91^1.6),1) | AA91: =IF(Parametros!B8=1,0.2+0.8*(1/(1+EXP(-9*(S91-0.25)))),1) | AB91: =X91*Y91*Z91*AA91
A92: 9wqptf | B92: Calebe Aragão | C92: 0.5083 | D92: 0.479 | E92: 0.5458 | F92: 0.4903 | G92: 0.4144 | H92: 0.7044 | I92: 0.6059 | J92: 0.9001 | K92: 0.3309 | L92: =1-(1-Mecanismos!B2)*(1-C92) | M92: =Mecanismos!B7*D92 | N92: =Mecanismos!B4*(1-E92) | O92: =Mecanismos!B5*(1-F92) | P92: =Mecanismos!B6*(1-I92) | Q92: =Mecanismos!B9*(1-G92) | R92: =Mecanismos!B9*(1-J92) | S92: =Mecanismos!B8*H92 | T92: =Mecanismos!B10*H92 | U92: =Mecanismos!B8*K92 | V92: =Mecanismos!B3*D92 | W92: =Parametros!B2+Parametros!B4*(S92+T92+U92+V92)-Parametros!B3*(L92+M92+N92+O92+P92+Q92+R92) | X92: =1/(1+EXP(-W92)) | Y92: =IF(Parametros!B6=1,0.15+0.85*(1/(1+EXP(-8*((1-N92)-0.45)))),1) | Z92: =IF(Parametros!B7=1,MAX(0.05,1-L92^1.6),1) | AA92: =IF(Parametros!B8=1,0.2+0.8*(1/(1+EXP(-9*(S92-0.25)))),1) | AB92: =X92*Y92*Z92*AA92
A93: 3wizyc | B93: Calebe Gomes | C93: 0.5401 | D93: 0.2999 | E93: 0.5242 | F93: 0.4112 | G93: 0.3668 | H93: 0.5759 | I93: 0.2317 | J93: 0.7159 | K93: 0.6168 | L93: =1-(1-Mecanismos!B2)*(1-C93) | M93: =Mecanismos!B7*D93 | N93: =Mecanismos!B4*(1-E93) | O93: =Mecanismos!B5*(1-F93) | P93: =Mecanismos!B6*(1-I93) | Q93: =Mecanismos!B9*(1-G93) | R93: =Mecanismos!B9*(1-J93) | S93: =Mecanismos!B8*H93 | T93: =Mecanismos!B10*H93 | U93: =Mecanismos!B8*K93 | V93: =Mecanismos!B3*D93 | W93: =Parametros!B2+Parametros!B4*(S93+T93+U93+V93)-Parametros!B3*(L93+M93+N93+O93+P93+Q93+R93) | X93: =1/(1+EXP(-W93)) | Y93: =IF(Parametros!B6=1,0.15+0.85*(1/(1+EXP(-8*((1-N93)-0.45)))),1) | Z93: =IF(Parametros!B7=1,MAX(0.05,1-L93^1.6),1) | AA93: =IF(Parametros!B8=1,0.2+0.8*(1/(1+EXP(-9*(S93-0.25)))),1) | AB93: =X93*Y93*Z93*AA93
A94: graj8y | B94: Calebe Pastor | C94: 0.5302 | D94: 0.5946 | E94: 0.6657 | F94: 0.3279 | G94: 0.5814 | H94: 0.5876 | I94: 0.3642 | J94: 0.9364 | K94: 0.4458 | L94: =1-(1-Mecanismos!B2)*(1-C94) | M94: =Mecanismos!B7*D94 | N94: =Mecanismos!B4*(1-E94) | O94: =Mecanismos!B5*(1-F94) | P94: =Mecanismos!B6*(1-I94) | Q94: =Mecanismos!B9*(1-G94) | R94: =Mecanismos!B9*(1-J94) | S94: =Mecanismos!B8*H94 | T94: =Mecanismos!B10*H94 | U94: =Mecanismos!B8*K94 | V94: =Mecanismos!B3*D94 | W94: =Parametros!B2+Parametros!B4*(S94+T94+U94+V94)-Parametros!B3*(L94+M94+N94+O94+P94+Q94+R94) | X94: =1/(1+EXP(-W94)) | Y94: =IF(Parametros!B6=1,0.15+0.85*(1/(1+EXP(-8*((1-N94)-0.45)))),1) | Z94: =IF(Parametros!B7=1,MAX(0.05,1-L94^1.6),1) | AA94: =IF(Parametros!B8=1,0.2+0.8*(1/(1+EXP(-9*(S94-0.25)))),1) | AB94: =X94*Y94*Z94*AA94
A95: 3z1ehh | B95: Camila Pinto | C95: 0.5559 | D95: 0.5775 | E95: 0.6648 | F95: 0.488 | G95: 0.6067 | H95: 0.6309 | I95: 0.4515 | J95: 0.8849 | K95: 0.7722 | L95: =1-(1-Mecanismos!B2)*(1-C95) | M95: =Mecanismos!B7*D95 | N95: =Mecanismos!B4*(1-E95) | O95: =Mecanismos!B5*(1-F95) | P95: =Mecanismos!B6*(1-I95) | Q95: =Mecanismos!B9*(1-G95) | R95: =Mecanismos!B9*(1-J95) | S95: =Mecanismos!B8*H95 | T95: =Mecanismos!B10*H95 | U95: =Mecanismos!B8*K95 | V95: =Mecanismos!B3*D95 | W95: =Parametros!B2+Parametros!B4*(S95+T95+U95+V95)-Parametros!B3*(L95+M95+N95+O95+P95+Q95+R95) | X95: =1/(1+EXP(-W95)) | Y95: =IF(Parametros!B6=1,0.15+0.85*(1/(1+EXP(-8*((1-N95)-0.45)))),1) | Z95: =IF(Parametros!B7=1,MAX(0.05,1-L95^1.6),1) | AA95: =IF(Parametros!B8=1,0.2+0.8*(1/(1+EXP(-9*(S95-0.25)))),1) | AB95: =X95*Y95*Z95*AA95
A96: 9eqzg1 | B96: Camila Ribeiro | C96: 0.5063 | D96: 0.356 | E96: 0.1895 | F96: 0.4062 | G96: 0.4324 | H96: 0.7097 | I96: 0.6435 | J96: 0.8462 | K96: 0.6086 | L96: =1-(1-Mecanismos!B2)*(1-C96) | M96: =Mecanismos!B7*D96 | N96: =Mecanismos!B4*(1-E96) | O96: =Mecanismos!B5*(1-F96) | P96: =Mecanismos!B6*(1-I96) | Q96: =Mecanismos!B9*(1-G96) | R96: =Mecanismos!B9*(1-J96) | S96: =Mecanismos!B8*H96 | T96: =Mecanismos!B10*H96 | U96: =Mecanismos!B8*K96 | V96: =Mecanismos!B3*D96 | W96: =Parametros!B2+Parametros!B4*(S96+T96+U96+V96)-Parametros!B3*(L96+M96+N96+O96+P96+Q96+R96) | X96: =1/(1+EXP(-W96)) | Y96: =IF(Parametros!B6=1,0.15+0.85*(1/(1+EXP(-8*((1-N96)-0.45)))),1) | Z96: =IF(Parametros!B7=1,MAX(0.05,1-L96^1.6),1) | AA96: =IF(Parametros!B8=1,0.2+0.8*(1/(1+EXP(-9*(S96-0.25)))),1) | AB96: =X96*Y96*Z96*AA96
A97: ihttef | B97: Carlos Eduardo Pereira | C97: 0.8337 | D97: 0.4877 | E97: 0.5175 | F97: 0.3982 | G97: 0.5269 | H97: 0.598 | I97: 0.2942 | J97: 0.5733 | K97: 0.5532 | L97: =1-(1-Mecanismos!B2)*(1-C97) | M97: =Mecanismos!B7*D97 | N97: =Mecanismos!B4*(1-E97) | O97: =Mecanismos!B5*(1-F97) | P97: =Mecanismos!B6*(1-I97) | Q97: =Mecanismos!B9*(1-G97) | R97: =Mecanismos!B9*(1-J97) | S97: =Mecanismos!B8*H97 | T97: =Mecanismos!B10*H97 | U97: =Mecanismos!B8*K97 | V97: =Mecanismos!B3*D97 | W97: =Parametros!B2+Parametros!B4*(S97+T97+U97+V97)-Parametros!B3*(L97+M97+N97+O97+P97+Q97+R97) | X97: =1/(1+EXP(-W97)) | Y97: =IF(Parametros!B6=1,0.15+0.85*(1/(1+EXP(-8*((1-N97)-0.45)))),1) | Z97: =IF(Parametros!B7=1,MAX(0.05,1-L97^1.6),1) | AA97: =IF(Parametros!B8=1,0.2+0.8*(1/(1+EXP(-9*(S97-0.25)))),1) | AB97: =X97*Y97*Z97*AA97
A98: x4q1fz | B98: Carlos Eduardo Vasconcelos | C98: 0.6404 | D98: 0.4795 | E98: 0.5985 | F98: 0.7642 | G98: 0.4838 | H98: 0.662 | I98: 0.4697 | J98: 0.8569 | K98: 0.4833 | L98: =1-(1-Mecanismos!B2)*(1-C98) | M98: =Mecanismos!B7*D98 | N98: =Mecanismos!B4*(1-E98) | O98: =Mecanismos!B5*(1-F98) | P98: =Mecanismos!B6*(1-I98) | Q98: =Mecanismos!B9*(1-G98) | R98: =Mecanismos!B9*(1-J98) | S98: =Mecanismos!B8*H98 | T98: =Mecanismos!B10*H98 | U98: =Mecanismos!B8*K98 | V98: =Mecanismos!B3*D98 | W98: =Parametros!B2+Parametros!B4*(S98+T98+U98+V98)-Parametros!B3*(L98+M98+N98+O98+P98+Q98+R98) | X98: =1/(1+EXP(-W98)) | Y98: =IF(Parametros!B6=1,0.15+0.85*(1/(1+EXP(-8*((1-N98)-0.45)))),1) | Z98: =IF(Parametros!B7=1,MAX(0.05,1-L98^1.6),1) | AA98: =IF(Parametros!B8=1,0.2+0.8*(1/(1+EXP(-9*(S98-0.25)))),1) | AB98: =X98*Y98*Z98*AA98
A99: c2edtt | B99: Carolina Moraes | C99: 0.7363 | D99: 0.291 | E99: 0.594 | F99: 0.5028 | G99: 0.6508 | H99: 0.741 | I99: 0.4755 | J99: 0.8539 | K99: 0.5729 | L99: =1-(1-Mecanismos!B2)*(1-C99) | M99: =Mecanismos!B7*D99 | N99: =Mecanismos!B4*(1-E99) | O99: =Mecanismos!B5*(1-F99) | P99: =Mecanismos!B6*(1-I99) | Q99: =Mecanismos!B9*(1-G99) | R99: =Mecanismos!B9*(1-J99) | S99: =Mecanismos!B8*H99 | T99: =Mecanismos!B10*H99 | U99: =Mecanismos!B8*K99 | V99: =Mecanismos!B3*D99 | W99: =Parametros!B2+Parametros!B4*(S99+T99+U99+V99)-Parametros!B3*(L99+M99+N99+O99+P99+Q99+R99) | X99: =1/(1+EXP(-W99)) | Y99: =IF(Parametros!B6=1,0.15+0.85*(1/(1+EXP(-8*((1-N99)-0.45)))),1) | Z99: =IF(Parametros!B7=1,MAX(0.05,1-L99^1.6),1) | AA99: =IF(Parametros!B8=1,0.2+0.8*(1/(1+EXP(-9*(S99-0.25)))),1) | AB99: =X99*Y99*Z99*AA99
A100: o0nv5o | B100: Carolina da Costa | C100: 0.6277 | D100: 0.6738 | E100: 0.7883 | F100: 0.3777 | G100: 0.3493 | H100: 0.8381 | I100: 0.1613 | J100: 0.5991 | K100: 0.4287 | L100: =1-(1-Mecanismos!B2)*(1-C100) | M100: =Mecanismos!B7*D100 | N100: =Mecanismos!B4*(1-E100) | O100: =Mecanismos!B5*(1-F100) | P100: =Mecanismos!B6*(1-I100) | Q100: =Mecanismos!B9*(1-G100) | R100: =Mecanismos!B9*(1-J100) | S100: =Mecanismos!B8*H100 | T100: =Mecanismos!B10*H100 | U100: =Mecanismos!B8*K100 | V100: =Mecanismos!B3*D100 | W100: =Parametros!B2+Parametros!B4*(S100+T100+U100+V100)-Parametros!B3*(L100+M100+N100+O100+P100+Q100+R100) | X100: =1/(1+EXP(-W100)) | Y100: =IF(Parametros!B6=1,0.15+0.85*(1/(1+EXP(-8*((1-N100)-0.45)))),1) | Z100: =IF(Parametros!B7=1,MAX(0.05,1-L100^1.6),1) | AA100: =IF(Parametros!B8=1,0.2+0.8*(1/(1+EXP(-9*(S100-0.25)))),1) | AB100: =X100*Y100*Z100*AA100
...
